,Title,Studio,Worldwide,Domestic,Dom%,Overseas,Over%,Year
1,Avengers: Endgame,BV,"$2,793.3",$856.6,30.7%,"$1,936.7",69.3%,2019
2,Avatar,Fox,"$2,789.7",$760.5,27.3%,"$2,029.2",72.7%,2009^
3,Titanic,Par.,"$2,187.5",$659.4,30.1%,"$1,528.1",69.9%,1997^
4,Star Wars: The Force Awakens,BV,"$2,068.2",$936.7,45.3%,"$1,131.6",54.7%,2015
5,Avengers: Infinity War,BV,"$2,048.4",$678.8,33.1%,"$1,369.5",66.9%,2018
6,Jurassic World,Uni.,"$1,671.7",$652.3,39.0%,"$1,019.4",61.0%,2015
7,Marvel's The Avengers,BV,"$1,518.8",$623.4,41.0%,$895.5,59.0%,2012
8,Furious 7,Uni.,"$1,516.0",$353.0,23.3%,"$1,163.0",76.7%,2015
9,Avengers: Age of Ultron,BV,"$1,405.4",$459.0,32.7%,$946.4,67.3%,2015
10,Black Panther,BV,"$1,346.9",$700.1,52.0%,$646.9,48.0%,2018
11,Harry Potter and the Deathly Hallows Part 2,WB,"$1,341.7",$381.2,28.4%,$960.5,71.6%,2011^
12,Star Wars: The Last Jedi,BV,"$1,332.5",$620.2,46.5%,$712.4,53.5%,2017
13,Jurassic World: Fallen Kingdom,Uni.,"$1,309.5",$417.7,31.9%,$891.8,68.1%,2018
14,Frozen,BV,"$1,276.5",$400.7,31.4%,$875.7,68.6%,2013
15,Beauty and the Beast (2017),BV,"$1,263.5",$504.0,39.9%,$759.5,60.1%,2017
16,Incredibles 2,BV,"$1,242.8",$608.6,49.0%,$634.2,51.0%,2018
17,The Fate of the Furious,Uni.,"$1,236.0",$226.0,18.3%,"$1,010.0",81.7%,2017
18,Iron Man 3,BV,"$1,214.8",$409.0,33.7%,$805.8,66.3%,2013
19,Minions,Uni.,"$1,159.4",$336.0,29.0%,$823.4,71.0%,2015
20,Captain America: Civil War,BV,"$1,153.3",$408.1,35.4%,$745.2,64.6%,2016
21,Aquaman,WB,"$1,148.1",$335.1,29.2%,$813.0,70.8%,2018
22,Captain Marvel,BV,"$1,128.3",$426.8,37.8%,$701.4,62.2%,2019
23,Transformers: Dark of the Moon,P/DW,"$1,123.8",$352.4,31.4%,$771.4,68.6%,2011
24,The Lord of the Rings: The Return of the King,NL,"$1,119.9",$377.8,33.7%,$742.1,66.3%,2003^
25,Skyfall,Sony,"$1,108.6",$304.4,27.5%,$804.2,72.5%,2012
26,Transformers: Age of Extinction,Par.,"$1,104.1",$245.4,22.2%,$858.6,77.8%,2014
27,The Dark Knight Rises,WB,"$1,084.9",$448.1,41.3%,$636.8,58.7%,2012
28,Toy Story 3,BV,"$1,067.0",$415.0,38.9%,$652.0,61.1%,2010
29,Pirates of the Caribbean: Dead Man's Chest,BV,"$1,066.2",$423.3,39.7%,$642.9,60.3%,2006
30,Rogue One: A Star Wars Story,BV,"$1,056.1",$532.2,50.4%,$523.9,49.6%,2016
31,Pirates of the Caribbean: On Stranger Tides,BV,"$1,045.7",$241.1,23.1%,$804.6,76.9%,2011
32,Spider-Man: Far from Home,Sony,"$1,037.1",$344.7,33.2%,$692.4,66.8%,2019
33,Despicable Me 3,Uni.,"$1,034.8",$264.6,25.6%,$770.2,74.4%,2017
34,Jurassic Park,Uni.,"$1,029.5",$402.8,39.1%,$626.7,60.9%,1993^
35,Finding Dory,BV,"$1,028.6",$486.3,47.3%,$542.3,52.7%,2016
36,Star Wars: Episode I - The Phantom Menace,Fox,"$1,027.0",$474.5,46.2%,$552.5,53.8%,1999^
37,Alice in Wonderland (2010),BV,"$1,025.5",$334.2,32.6%,$691.3,67.4%,2010
38,Zootopia,BV,"$1,023.8",$341.3,33.3%,$682.5,66.7%,2016
39,The Hobbit: An Unexpected Journey,WB (NL),"$1,021.1",$303.0,29.7%,$718.1,70.3%,2012
40,Aladdin (2019),BV,"$1,010.7",$346.2,34.3%,$664.5,65.7%,2019
41,The Dark Knight,WB,"$1,004.9",$535.2,53.3%,$469.7,46.7%,2008^
42,Harry Potter and the Sorcerer's Stone,WB,$975.1,$317.9,32.6%,$657.2,67.4%,2001^
43,Despicable Me 2,Uni.,$970.8,$368.1,37.9%,$602.7,62.1%,2013
44,The Lion King (2019),BV,$968.5,$351.9,36.3%,$616.7,63.7%,2019
45,The Lion King,BV,$968.5,$422.8,43.7%,$545.7,56.3%,1994^
46,The Jungle Book (2016),BV,$966.6,$364.0,37.7%,$602.5,62.3%,2016
47,Pirates of the Caribbean: At World's End,BV,$963.4,$309.4,32.1%,$654.0,67.9%,2007
48,Jumanji: Welcome to the Jungle,Sony,$962.1,$404.6,42.0%,$557.6,58.0%,2017^
49,Harry Potter and the Deathly Hallows Part 1,WB,$960.4,$296.1,30.8%,$664.3,69.2%,2010^
50,The Hobbit: The Desolation of Smaug,WB (NL),$958.4,$258.4,27.0%,$700.0,73.0%,2013
51,The Hobbit: The Battle of the Five Armies,WB (NL),$956.0,$255.1,26.7%,$700.9,73.3%,2014
52,Finding Nemo,BV,$940.3,$380.8,40.5%,$559.5,59.5%,2003^
53,Harry Potter and the Order of the Phoenix,WB,$940.0,$292.1,31.1%,$647.9,68.9%,2007^
54,Harry Potter and the Half-Blood Prince,WB,$934.5,$302.1,32.3%,$632.5,67.7%,2009^
55,The Lord of the Rings: The Two Towers,NL,$926.0,$342.6,37.0%,$583.5,63.0%,2002^
56,Shrek 2,DW,$919.8,$441.2,48.0%,$478.6,52.0%,2004
57,Toy Story 4,BV,$919.1,$396.2,43.1%,$522.9,56.9%,2019
58,Bohemian Rhapsody,Fox,$903.7,$216.4,24.0%,$687.2,76.0%,2018
59,Harry Potter and the Goblet of Fire,WB,$897.1,$290.2,32.3%,$606.9,67.7%,2005^
60,Spider-Man 3,Sony,$890.9,$336.5,37.8%,$554.3,62.2%,2007
61,Ice Age: Dawn of the Dinosaurs,Fox,$888.8,$196.6,22.1%,$692.2,77.9%,2009
62,Spectre,Sony,$880.7,$200.1,22.7%,$680.6,77.3%,2015
63,Spider-Man: Homecoming,Sony,$880.2,$334.2,38.0%,$546.0,62.0%,2017
64,Harry Potter and the Chamber of Secrets,WB,$879.2,$262.2,29.8%,$617.0,70.2%,2002^
65,Ice Age: Continental Drift,Fox,$877.2,$161.3,18.4%,$715.9,81.6%,2012
66,The Secret Life of Pets,Uni.,$875.5,$368.4,42.1%,$507.1,57.9%,2016
67,Batman v Superman: Dawn of Justice,WB,$873.6,$330.4,37.8%,$543.3,62.2%,2016
68,The Lord of the Rings: The Fellowship of the Ring,NL,$871.5,$315.5,36.2%,$556.0,63.8%,2001^
69,Wolf Warrior 2,HC,$870.3,$2.7,0.3%,$867.6,99.7%,2017
70,The Hunger Games: Catching Fire,LGF,$865.0,$424.7,49.1%,$440.3,50.9%,2013
71,Guardians of the Galaxy Vol. 2,BV,$863.8,$389.8,45.1%,$473.9,54.9%,2017
72,Inside Out,BV,$857.6,$356.5,41.6%,$501.1,58.4%,2015
73,Venom (2018),Sony,$856.1,$213.5,24.9%,$642.6,75.1%,2018
74,Thor: Ragnarok,BV,$854.0,$315.1,36.9%,$538.9,63.1%,2017
75,Star Wars: Episode III - Revenge of the Sith,Fox,$848.8,$380.3,44.8%,$468.5,55.2%,2005^
76,Transformers: Revenge of the Fallen,P/DW,$836.3,$402.1,48.1%,$434.2,51.9%,2009
77,The Twilight Saga: Breaking Dawn Part 2,LG/S,$829.7,$292.3,35.2%,$537.4,64.8%,2012
78,Inception,WB,$828.3,$292.6,35.3%,$535.7,64.7%,2010
79,Wonder Woman,WB,$821.8,$412.6,50.2%,$409.3,49.8%,2017
80,Spider-Man,Sony,$821.7,$403.7,49.1%,$418.0,50.9%,2002
81,Independence Day,Fox,$817.4,$306.2,37.5%,$511.2,62.5%,1996^
82,Fantastic Beasts and Where To Find Them,WB,$814.0,$234.0,28.8%,$580.0,71.2%,2016
83,Coco,BV,$807.1,$209.7,26.0%,$597.4,74.0%,2017
84,Shrek the Third,P/DW,$799.0,$322.7,40.4%,$476.2,59.6%,2007
85,Harry Potter and the Prisoner of Azkaban,WB,$796.9,$249.8,31.3%,$547.1,68.7%,2004^
86,Pirates of the Caribbean: Dead Men Tell No Tales,BV,$794.9,$172.6,21.7%,$622.3,78.3%,2017
87,E.T.: The Extra-Terrestrial,Uni.,$792.9,$435.1,54.9%,$357.8,45.1%,1982^
88,Mission: Impossible - Fallout,Par.,$791.1,$220.2,27.8%,$571.0,72.2%,2018
89,Fast & Furious 6,Uni.,$788.7,$238.7,30.3%,$550.0,69.7%,2013
90,Indiana Jones and the Kingdom of the Crystal Skull,Par.,$786.6,$317.1,40.3%,$469.5,59.7%,2008
91,Deadpool 2,Fox,$785.0,$324.6,41.3%,$460.5,58.7%,2018^
92,Spider-Man 2,Sony,$783.8,$373.6,47.7%,$410.2,52.3%,2004
93,Deadpool,Fox,$783.1,$363.1,46.4%,$420.0,53.6%,2016
94,Star Wars,Fox,$775.4,$461.0,59.5%,$314.4,40.5%,1977^
95,Guardians of the Galaxy,BV,$773.3,$333.2,43.1%,$440.2,56.9%,2014
96,2012,Sony,$769.7,$166.1,21.6%,$603.6,78.4%,2009
97,Maleficent,BV,$758.5,$241.4,31.8%,$517.1,68.2%,2014
98,The Da Vinci Code,Sony,$758.2,$217.5,28.7%,$540.7,71.3%,2006
99,The Amazing Spider-Man,Sony,$757.9,$262.0,34.6%,$495.9,65.4%,2012
100,The Hunger Games: Mockingjay - Part 1,LGF,$755.4,$337.1,44.6%,$418.2,55.4%,2014
1,Shrek Forever After,P/DW,$752.6,$238.7,31.7%,$513.9,68.3%,2010
2,X-Men: Days of Future Past,Fox,$747.9,$233.9,31.3%,$513.9,68.7%,2014
3,Madagascar 3: Europe's Most Wanted,P/DW,$746.9,$216.4,29.0%,$530.5,71.0%,2012
4,Suicide Squad,WB,$746.8,$325.1,43.5%,$421.7,56.5%,2016
5,"The Chronicles of Narnia: The Lion, the Witch and the Wardrobe",BV,$745.0,$291.7,39.2%,$453.3,60.8%,2005
6,Monsters University,BV,$744.2,$268.5,36.1%,$475.7,63.9%,2013
7,The Matrix Reloaded,WB,$742.1,$281.6,37.9%,$460.6,62.1%,2003
8,Up,BV,$735.1,$293.0,39.9%,$442.1,60.1%,2009
9,Gravity,WB,$723.2,$274.1,37.9%,$449.1,62.1%,2013
10,Captain America: The Winter Soldier,BV,$714.3,$259.8,36.4%,$454.5,63.6%,2014
11,The Twilight Saga: Breaking Dawn Part 1,Sum.,$712.2,$281.3,39.5%,$430.9,60.5%,2011
12,Dawn of the Planet of the Apes,Fox,$710.6,$208.5,29.3%,$502.1,70.7%,2014
13,The Twilight Saga: New Moon,Sum.,$709.7,$296.6,41.8%,$413.1,58.2%,2009
14,Transformers,P/DW,$709.7,$319.2,45.0%,$390.5,55.0%,2007
15,The Amazing Spider-Man 2,Sony,$709.0,$202.9,28.6%,$506.1,71.4%,2014
16,It,WB (NL),$700.4,$327.5,46.8%,$372.9,53.2%,2017
17,The Wandering Earth,CMC,$699.8,$5.9,0.8%,$693.9,99.2%,2019
18,The Twilight Saga: Eclipse,Sum.,$698.5,$300.5,43.0%,$398.0,57.0%,2010
19,Mission: Impossible - Ghost Protocol,Par.,$694.7,$209.4,30.1%,$485.3,69.9%,2011
20,The Hunger Games,LGF,$694.4,$408.0,58.8%,$286.4,41.2%,2012
21,Mission: Impossible - Rogue Nation,Par.,$682.7,$195.0,28.6%,$487.7,71.4%,2015
22,Forrest Gump,Par.,$678.1,$330.5,48.7%,$347.7,51.3%,1994^
23,Doctor Strange,BV,$677.7,$232.6,34.3%,$445.1,65.7%,2016
24,Interstellar,Par.,$677.5,$188.0,27.8%,$489.4,72.2%,2014
25,The Sixth Sense,BV,$672.8,$293.5,43.6%,$379.3,56.4%,1999
26,Man of Steel,WB,$668.0,$291.0,43.6%,$377.0,56.4%,2013
27,Kung Fu Panda 2,P/DW,$665.7,$165.2,24.8%,$500.4,75.2%,2011
28,Ice Age: The Meltdown,Fox,$660.9,$195.3,29.6%,$465.6,70.4%,2006
29,Justice League,WB,$657.9,$229.0,34.8%,$428.9,65.2%,2017
30,Big Hero 6,BV,$657.8,$222.5,33.8%,$435.3,66.2%,2014
31,Pirates of the Caribbean: The Curse of the Black Pearl,BV,$654.3,$305.4,46.7%,$348.9,53.3%,2003
32,Fantastic Beasts: The Crimes of Grindelwald,WB,$653.8,$159.6,24.4%,$494.2,75.6%,2018
33,The Hunger Games: Mockingjay - Part 2,LGF,$653.4,$281.7,43.1%,$371.7,56.9%,2015
34,Star Wars: Episode II - Attack of the Clones,Fox,$649.4,$310.7,47.8%,$338.7,52.2%,2002^
35,Thor: The Dark World,BV,$644.6,$206.4,32.0%,$438.2,68.0%,2013
36,Moana,BV,$643.3,$248.8,38.7%,$394.6,61.3%,2016
37,Sing,Uni.,$634.2,$270.4,42.6%,$363.8,57.4%,2016
38,The Incredibles,BV,$633.0,$261.4,41.3%,$371.6,58.7%,2004
39,Kung Fu Panda,P/DW,$631.7,$215.4,34.1%,$416.3,65.9%,2008
40,The Martian,Fox,$630.2,$228.4,36.2%,$401.7,63.8%,2015
41,Fast Five,Uni.,$626.1,$209.8,33.5%,$416.3,66.5%,2011
42,Hancock,Sony,$624.4,$227.9,36.5%,$396.4,63.5%,2008
43,MIB 3,Sony,$624.0,$179.0,28.7%,$445.0,71.3%,2012
44,Iron Man 2,Par.,$623.9,$312.4,50.1%,$311.5,49.9%,2010
45,Ant-Man and the Wasp,BV,$622.7,$216.6,34.8%,$406.0,65.2%,2018
46,How to Train Your Dragon 2,Fox,$621.5,$177.0,28.5%,$444.5,71.5%,2014
47,Ratatouille,BV,$620.7,$206.4,33.3%,$414.3,66.7%,2007
48,Logan (2017),Fox,$619.0,$226.3,36.6%,$392.7,63.4%,2017
49,The Lost World: Jurassic Park,Uni.,$618.6,$229.1,37.0%,$389.6,63.0%,1997
50,The Passion of the Christ,NM,$611.9,$370.8,60.6%,$241.1,39.4%,2004^
51,Mamma Mia!,Uni.,$609.9,$144.2,23.6%,$465.7,76.4%,2008^
52,Life of Pi,Fox,$609.0,$125.0,20.5%,$484.0,79.5%,2012
53,Transformers: The Last Knight,Par.,$605.4,$130.2,21.5%,$475.3,78.5%,2017
54,Madagascar: Escape 2 Africa,P/DW,$603.9,$180.0,29.8%,$423.9,70.2%,2008
55,Casino Royale,Sony,$599.0,$167.4,28.0%,$431.6,72.0%,2006^
56,Tangled,BV,$591.8,$200.8,33.9%,$391.0,66.1%,2010
57,War of the Worlds,Par.,$591.7,$234.3,39.6%,$357.5,60.4%,2005
58,Men in Black,Sony,$589.4,$250.7,42.5%,$338.7,57.5%,1997
59,The Croods,Fox,$587.2,$187.2,31.9%,$400.0,68.1%,2013
60,The Hangover Part II,WB,$586.8,$254.5,43.4%,$332.3,56.6%,2011
61,Quantum of Solace,Sony,$586.1,$168.4,28.7%,$417.7,71.3%,2008
62,I Am Legend,WB,$585.3,$256.4,43.8%,$329.0,56.2%,2007
63,Iron Man,Par.,$585.2,$318.4,54.4%,$266.8,45.6%,2008
64,Ready Player One,WB,$582.9,$137.7,23.6%,$445.2,76.4%,2018
65,Operation Red Sea,WGUSA,$579.2,$1.5,0.3%,$577.7,99.7%,2018
66,"Monsters, Inc.",BV,$577.4,$289.9,50.2%,$287.5,49.8%,2001^
67,Night at the Museum,Fox,$574.5,$250.9,43.7%,$323.6,56.3%,2006
68,Fifty Shades of Grey,Uni.,$571.0,$166.2,29.1%,$404.8,70.9%,2015
69,Kong: Skull Island,WB,$566.7,$168.1,29.7%,$398.6,70.3%,2017
70,The Smurfs,Sony,$563.7,$142.6,25.3%,$421.1,74.7%,2011
71,Cars 2,BV,$562.1,$191.5,34.1%,$370.7,65.9%,2011
72,Puss in Boots,P/DW,$555.0,$149.3,26.9%,$405.7,73.1%,2011
73,The Mermaid (Mei ren yu),Sony,$553.8,$3.2,0.6%,$550.6,99.4%,2016
74,Armageddon,BV,$553.7,$201.6,36.4%,$352.1,63.6%,1998
75,King Kong,Uni.,$550.5,$218.1,39.6%,$332.4,60.4%,2005
76,Ted,Uni.,$549.4,$218.8,39.8%,$330.6,60.2%,2012
77,American Sniper,WB,$547.4,$350.1,64.0%,$197.3,36.0%,2014
78,Mission: Impossible II,Par.,$546.4,$215.4,39.4%,$331.0,60.6%,2000
79,Sherlock Holmes: A Game of Shadows,WB,$545.4,$186.8,34.3%,$358.6,65.7%,2011
80,The Day After Tomorrow,Fox,$544.3,$186.7,34.3%,$357.5,65.7%,2004
81,Detective Chinatown 2,WB,$544.1,$2.0,0.4%,$542.1,99.6%,2018
82,X-Men: Apocalypse,Fox,$543.9,$155.4,28.6%,$388.5,71.4%,2016
83,Cinderella (2015),BV,$543.5,$201.2,37.0%,$342.4,63.0%,2015
84,Despicable Me,Uni.,$543.1,$251.5,46.3%,$291.6,53.7%,2010
85,Brave,BV,$540.4,$237.3,43.9%,$303.2,56.1%,2012
86,World War Z,Par.,$540.0,$202.4,37.5%,$337.6,62.5%,2013
87,The Empire Strikes Back,Fox,$538.4,$290.5,54.0%,$247.9,46.0%,1980^
88,WALL-E,BV,$533.3,$223.8,42.0%,$309.5,58.0%,2008
89,The Revenant,Fox,$533.0,$183.6,34.5%,$349.3,65.5%,2015
90,Madagascar,DW,$532.7,$193.6,36.3%,$339.1,63.7%,2005
91,The Meg,WB,$530.2,$145.4,27.4%,$384.8,72.6%,2018
92,Ralph Breaks the Internet,BV,$529.3,$201.1,38.0%,$328.2,62.0%,2018
93,Godzilla (2014),WB,$529.1,$200.7,37.9%,$328.4,62.1%,2014
94,Hotel Transylvania 3: Summer Vacation,Sony,$528.6,$167.5,31.7%,$361.1,68.3%,2018
95,The Boss Baby,Fox,$528.0,$175.0,33.1%,$353.0,66.9%,2017
96,The Simpsons Movie,Fox,$527.1,$183.1,34.7%,$343.9,65.3%,2007
97,Dunkirk,WB,$526.9,$189.7,36.0%,$337.2,64.0%,2017^
98,Sherlock Holmes,WB,$524.0,$209.0,39.9%,$315.0,60.1%,2009
99,Kung Fu Panda 3,Fox,$521.2,$143.5,27.5%,$377.6,72.5%,2016
100,Terminator 2: Judgment Day,TriS,$520.9,$205.9,39.5%,$315.0,60.5%,1991^
1,How to Train Your Dragon: The Hidden World,Uni.,$519.8,$160.8,30.9%,$359.0,69.1%,2019
2,Ant-Man,BV,$519.3,$180.2,34.7%,$339.1,65.3%,2015
3,Meet the Fockers,Uni.,$516.6,$279.3,54.1%,$237.4,45.9%,2004
4,Dr. Seuss' The Grinch (2018),Uni.,$511.6,$270.6,52.9%,$241.0,47.1%,2018
5,Ghost,Par.,$505.7,$217.6,43.0%,$288.1,57.0%,1990
6,Aladdin,BV,$504.1,$217.4,43.1%,$286.7,56.9%,1992
7,Rio 2,Fox,$500.1,$131.5,26.3%,$368.6,73.7%,2014
8,Troy,WB,$497.4,$133.4,26.8%,$364.0,73.2%,2004
9,Toy Story 2,BV,$497.4,$245.9,49.4%,$251.5,50.6%,1999^
10,How to Train Your Dragon,P/DW,$494.9,$217.6,44.0%,$277.3,56.0%,2010
11,Twister,WB,$494.5,$241.7,48.9%,$252.8,51.1%,1996
12,Teenage Mutant Ninja Turtles (2014),Par.,$493.3,$191.2,38.8%,$302.1,61.2%,2014
13,Oz The Great and Powerful,BV,$493.3,$234.9,47.6%,$258.4,52.4%,2013
14,Clash of the Titans (2010),WB,$493.2,$163.2,33.1%,$330.0,66.9%,2010
15,War for the Planet of the Apes,Fox,$490.7,$146.9,29.9%,$343.8,70.1%,2017
16,Angels & Demons,Sony,$485.9,$133.4,27.4%,$352.6,72.6%,2009
17,Rio,Fox,$484.6,$143.6,29.6%,$341.0,70.4%,2011
18,Bruce Almighty,Uni.,$484.6,$242.8,50.1%,$241.8,49.9%,2003
19,Shrek,DW,$484.4,$267.7,55.3%,$216.7,44.7%,2001
20,Saving Private Ryan,DW,$482.3,$217.0,45.0%,$265.3,55.0%,1998^
21,Rise of the Planet of the Apes,Fox,$481.8,$176.8,36.7%,$305.0,63.3%,2011
22,Mr. & Mrs. Smith,Fox,$478.2,$186.3,39.0%,$291.9,61.0%,2005
23,Home Alone,Fox,$476.7,$285.8,59.9%,$190.9,40.1%,1990
24,Return of the Jedi,Fox,$475.1,$309.3,65.1%,$165.8,34.9%,1983^
25,Charlie and the Chocolate Factory,WB,$475.0,$206.5,43.5%,$268.5,56.5%,2005
26,Hotel Transylvania 2,Sony,$474.8,$169.7,35.7%,$305.1,64.3%,2015
27,Indiana Jones and the Last Crusade,Par.,$474.2,$197.2,41.6%,$277.0,58.4%,1989
28,San Andreas,WB (NL),$474.0,$155.2,32.7%,$318.8,67.3%,2015
29,Wreck-It Ralph,BV,$471.2,$189.4,40.2%,$281.8,59.8%,2012
30,Jaws,Uni.,$470.7,$260.0,55.2%,$210.7,44.8%,1975
31,The LEGO Movie,WB,$469.2,$257.8,54.9%,$211.4,45.1%,2014
32,Bumblebee,Par.,$468.0,$127.2,27.2%,$340.8,72.8%,2018
33,The Hangover,WB,$467.5,$277.3,59.3%,$190.2,40.7%,2009
34,Star Trek Into Darkness,Par.,$467.4,$228.8,48.9%,$238.6,51.1%,2013
35,The Matrix,WB,$463.5,$171.5,37.0%,$292.0,63.0%,1999
36,Pretty Woman,BV,$463.4,$178.4,38.5%,$285.0,61.5%,1990
37,Lucy,Uni.,$463.4,$126.7,27.3%,$336.7,72.7%,2014
38,Cars,BV,$462.2,$244.1,52.8%,$218.1,47.2%,2006
39,Gladiator,DW,$460.6,$187.7,40.8%,$272.9,59.2%,2000
40,X-Men: The Last Stand,Fox,$459.4,$234.4,51.0%,$225.0,49.0%,2006
41,Mission: Impossible,Par.,$457.7,$181.0,39.5%,$276.7,60.5%,1996
42,National Treasure: Book of Secrets,BV,$457.4,$220.0,48.1%,$237.4,51.9%,2007
43,The Last Samurai,WB,$456.8,$111.1,24.3%,$345.6,75.7%,2003
44,300,WB,$456.1,$210.6,46.2%,$245.5,53.8%,2007
45,Ocean's Eleven,WB,$450.7,$183.4,40.7%,$267.3,59.3%,2001
46,Thor,Par.,$449.3,$181.0,40.3%,$268.3,59.7%,2011
47,Pearl Harbor,BV,$449.2,$198.5,44.2%,$250.7,55.8%,2001
48,Tarzan,BV,$448.2,$171.1,38.2%,$277.1,61.8%,1999
49,La La Land,LG/S,$446.1,$151.1,33.9%,$295.0,66.1%,2016
50,Alvin and the Chipmunks: The Squeakquel,Fox,$443.1,$219.6,49.6%,$223.5,50.4%,2009
51,The Bourne Ultimatum,Uni.,$442.8,$227.5,51.4%,$215.4,48.6%,2007
52,Men in Black II,Sony,$441.8,$190.4,43.1%,$251.4,56.9%,2002
53,Les Miserables (2012),Uni.,$441.8,$148.8,33.7%,$293.0,66.3%,2012
54,The Exorcist,WB,$441.3,$232.9,52.8%,$208.4,47.2%,1973^
55,Mrs. Doubtfire,Fox,$441.3,$219.2,49.7%,$222.1,50.3%,1993
56,Terminator: Genisys,Par.,$440.6,$89.8,20.4%,$350.8,79.6%,2015
57,The Greatest Showman,Fox,$435.0,$174.3,40.1%,$260.7,59.9%,2017
58,A Star is Born (2018),WB,$434.9,$215.3,49.5%,$219.6,50.5%,2018
59,Warcraft,Uni.,$433.7,$47.4,10.9%,$386.3,89.1%,2016
60,Terminator 3: Rise of the Machines,WB,$433.4,$150.4,34.7%,$283.0,65.3%,2003
61,The Mummy Returns,Uni.,$433.0,$202.0,46.7%,$231.0,53.3%,2001
62,Die Another Day,MGM,$432.0,$160.9,37.3%,$271.0,62.7%,2002
63,Pokemon Detective Pikachu,WB,$430.8,$143.8,33.4%,$287.0,66.6%,2019
64,Cast Away,Fox,$429.6,$233.6,54.4%,$196.0,45.6%,2000
65,Rampage (2018),WB (NL),$428.0,$101.0,23.6%,$327.0,76.4%,2018
66,The Matrix Revolutions,WB,$427.3,$139.3,32.6%,$288.0,67.4%,2003
67,The Intouchables (U.S.-only),Wein.,$426.6,$10.2,2.4%,$416.4,97.6%,2012
68,Django Unchained,Wein.,$425.4,$162.8,38.3%,$262.6,61.7%,2012
69,Beauty and the Beast,BV,$425.0,$219.0,51.5%,$206.0,48.5%,1991^
70,Dances with Wolves,Orion,$424.2,$184.2,43.4%,$240.0,56.6%,1990
71,The Chronicles of Narnia: Prince Caspian,BV,$419.7,$141.6,33.7%,$278.0,66.3%,2008
72,The Mummy,Uni.,$415.9,$155.4,37.4%,$260.5,62.6%,1999
73,The Chronicles of Narnia: The Voyage of the Dawn Treader,Fox,$415.7,$104.4,25.1%,$311.3,74.9%,2010
74,Jason Bourne,Uni.,$415.5,$162.4,39.1%,$253.1,60.9%,2016
75,Sex and the City,WB (NL),$415.3,$152.6,36.8%,$262.6,63.2%,2008
76,The Wolverine,Fox,$414.8,$132.6,32.0%,$282.3,68.0%,2013
77,Kingsman: The Secret Service,Fox,$414.4,$128.3,31.0%,$286.1,69.0%,2015
78,The King's Speech,Wein.,$414.2,$138.8,33.5%,$275.4,66.5%,2010^
79,Night at the Museum: Battle of the Smithsonian,Fox,$413.1,$177.2,42.9%,$235.9,57.1%,2009
80,Batman,WB,$411.5,$251.3,61.1%,$160.2,38.9%,1989^
81,The Bodyguard,WB,$411.0,$122.0,29.7%,$289.0,70.3%,1992^
82,Pacific Rim,WB,$411.0,$101.8,24.8%,$309.2,75.2%,2013
83,Kingsman: The Golden Circle,Fox,$410.9,$100.2,24.4%,$310.7,75.6%,2017
84,The Mummy (2017),Uni.,$409.2,$80.2,19.6%,$329.0,80.4%,2017
85,Ice Age: Collision Course,Fox,$408.6,$64.1,15.7%,$344.5,84.3%,2016
86,Signs,BV,$408.2,$228.0,55.8%,$180.3,44.2%,2002
87,X2: X-Men United,Fox,$407.7,$214.9,52.7%,$192.8,47.3%,2003
88,Alita: Battle Angel,Fox,$404.9,$85.7,21.2%,$319.1,78.8%,2019
89,Prometheus,Fox,$403.4,$126.5,31.4%,$276.9,68.6%,2012
90,Gone with the Wind,MGM,$402.4,$200.9,49.9%,$201.5,50.1%,1939^
91,The Mummy: Tomb of the Dragon Emperor,Uni.,$401.1,$102.5,25.6%,$298.6,74.4%,2008
92,Tron Legacy,BV,$400.1,$172.1,43.0%,$228.0,57.0%,2010
93,Mission: Impossible III,Par.,$397.9,$134.0,33.7%,$263.8,66.3%,2006
94,Snow White and the Huntsman,Uni.,$396.6,$155.3,39.2%,$241.3,60.8%,2012
95,Grease,Par.,$396.2,$190.0,48.0%,$206.2,52.0%,1978^
96,Mamma Mia! Here We Go Again,Uni.,$395.0,$120.6,30.5%,$274.4,69.5%,2018
97,Twilight,Sum.,$393.6,$192.8,49.0%,$200.8,51.0%,2008
98,Solo: A Star Wars Story,BV,$392.9,$213.8,54.4%,$179.2,45.6%,2018
99,The Wolf of Wall Street,Par.,$392.0,$116.9,29.8%,$275.1,70.2%,2013
100,Superman Returns,WB,$391.1,$200.1,51.2%,$191.0,48.8%,2006
1,Robin Hood: Prince of Thieves,WB,$390.5,$165.5,42.4%,$225.0,57.6%,1991
2,Raiders of the Lost Ark,Par.,$389.9,$248.2,63.6%,$141.8,36.4%,1981^
3,Independence Day: Resurgence,Fox,$389.7,$103.1,26.5%,$286.5,73.5%,2016
4,Home (2015),Fox,$386.0,$177.4,46.0%,$208.6,54.0%,2015
5,Star Trek,Par.,$385.7,$257.7,66.8%,$128.0,33.2%,2009
6,Monster Hunt,FR,$385.3,$32.8k,0.0%,$385.3,100.0%,2016
7,Godzilla: King of the Monsters,WB,$385.1,$109.9,28.5%,$275.2,71.5%,2019
8,Happy Feet,WB,$384.3,$198.0,51.5%,$186.3,48.5%,2006
9,Cars 3,BV,$383.9,$152.9,39.8%,$231.0,60.2%,2017
10,Live Free or Die Hard,Fox,$383.5,$134.5,35.1%,$249.0,64.9%,2007
11,Ice Age,Fox,$383.3,$176.4,46.0%,$206.9,54.0%,2002
12,Fifty Shades Darker,Uni.,$381.5,$114.6,30.0%,$267.0,70.0%,2017
13,Monsters Vs. Aliens,P/DW,$381.5,$198.4,52.0%,$183.2,48.0%,2009
14,Back to the Future,Uni.,$381.1,$210.6,55.3%,$170.5,44.7%,1985
15,Godzilla,Sony,$379.0,$136.3,36.0%,$242.7,64.0%,1998
16,True Lies,Fox,$378.9,$146.3,38.6%,$232.6,61.4%,1994
17,Mad Max: Fury Road,WB,$378.9,$154.1,40.7%,$224.8,59.3%,2015^
18,Slumdog Millionaire,FoxS,$377.9,$141.3,37.4%,$236.6,62.6%,2008
19,Taken 2,Fox,$376.1,$139.9,37.2%,$236.3,62.8%,2012
20,G.I. Joe: Retaliation,Par.,$375.7,$122.5,32.6%,$253.2,67.4%,2013
21,Spider-Man: Into The Spider-Verse,Sony,$375.5,$190.2,50.7%,$185.2,49.3%,2018
22,Batman Begins,WB,$374.2,$206.9,55.3%,$167.4,44.7%,2005^
23,What Women Want,Par.,$374.1,$182.8,48.9%,$191.3,51.1%,2000
24,The Adventures of Tintin,Par.,$374.0,$77.6,20.7%,$296.4,79.3%,2011
25,Toy Story,BV,$373.6,$191.8,51.3%,$181.8,48.7%,1995^
26,X-Men Origins: Wolverine,Fox,$373.1,$179.9,48.2%,$193.2,51.8%,2009
27,Penguins of Madagascar,Fox,$373.0,$83.4,22.3%,$289.7,77.7%,2014
28,The Golden Compass,NL,$372.2,$70.1,18.8%,$302.1,81.2%,2007
29,Fifty Shades Freed,Uni.,$371.9,$100.4,27.0%,$271.5,73.0%,2018
30,Terminator Salvation,WB,$371.4,$125.3,33.7%,$246.0,66.3%,2009
31,Captain America: The First Avenger,Par.,$370.6,$176.7,47.7%,$193.9,52.3%,2011
32,Edge of Tomorrow,WB,$370.5,$100.2,27.0%,$270.3,73.0%,2014
33,There's Something About Mary,Fox,$369.9,$176.5,47.7%,$193.4,52.3%,1998
34,Gone Girl,Fox,$369.3,$167.8,45.4%,$201.6,54.6%,2014
35,The Fugitive,WB,$368.9,$183.9,49.8%,$185.0,50.2%,1993
36,Jurassic Park III,Uni.,$368.8,$181.2,49.1%,$187.6,50.9%,2001
37,My Big Fat Greek Wedding,IFC,$368.7,$241.4,65.5%,$127.3,34.5%,2002
38,Hitch,Sony,$368.1,$179.5,48.8%,$188.6,51.2%,2005
39,Shark Tale,DW,$367.3,$160.9,43.8%,$206.4,56.2%,2004
40,Die Hard: With A Vengeance,Fox,$366.1,$100.0,27.3%,$266.1,72.7%,1995
41,The Nun,WB (NL),$365.6,$117.5,32.1%,$248.1,67.9%,2018
42,Shazam!,WB (NL),$364.5,$140.4,38.5%,$224.1,61.5%,2019
43,Notting Hill,Uni.,$363.9,$116.1,31.9%,$247.8,68.1%,1999
44,A Bug's Life,BV,$363.3,$162.8,44.8%,$200.5,55.2%,1998
45,Night at the Museum: Secret of the Tomb,Fox,$363.2,$113.7,31.3%,$249.5,68.7%,2014
46,Fast and Furious,Uni.,$363.2,$155.1,42.7%,$208.1,57.3%,2009
47,Ocean's Twelve,WB,$362.7,$125.5,34.6%,$237.2,65.4%,2004
48,Noah,Par.,$362.6,$101.2,27.9%,$261.4,72.1%,2014
49,Planet of the Apes (2001),Fox,$362.2,$180.0,49.7%,$182.2,50.3%,2001
50,The Hangover Part III,WB,$362.0,$112.2,31.0%,$249.8,69.0%,2013
51,The World Is Not Enough,MGM,$361.8,$126.9,35.1%,$234.9,64.9%,1999
52,Monster Hunt 2,LGF,$361.7,$706k,0.2%,$361.0,99.8%,2018
53,Alvin and the Chipmunks,Fox,$361.3,$217.3,60.1%,$144.0,39.9%,2007
54,The Karate Kid,Sony,$359.1,$176.6,49.2%,$182.5,50.8%,2010
55,Home Alone 2: Lost in New York,Fox,$359.0,$173.6,48.4%,$185.4,51.6%,1992
56,Hotel Transylvania,Sony,$358.4,$148.3,41.4%,$210.1,58.6%,2012
57,Minority Report,Fox,$358.4,$132.1,36.9%,$226.3,63.1%,2002
58,Your Name.,FUN,$358.0,$5.0,1.4%,$353.0,98.6%,2017
59,Top Gun,Par.,$356.8,$179.8,50.4%,$177.0,49.6%,1986^
60,The Legend of Tarzan,WB,$356.7,$126.6,35.5%,$230.1,64.5%,2016
61,American Beauty,DW,$356.3,$130.1,36.5%,$226.2,63.5%,1999
62,Apollo 13,Uni.,$355.2,$173.8,48.9%,$181.4,51.1%,1995^
63,Rain Man,MGM,$354.8,$172.8,48.7%,$182.0,51.3%,1988
64,The Great Gatsby (2013),WB,$353.6,$144.8,41.0%,$208.8,59.0%,2013
65,X-Men: First Class,Fox,$353.6,$146.4,41.4%,$207.2,58.6%,2011
66,Basic Instinct,TriS,$352.9,$117.7,33.4%,$235.2,66.6%,1992
67,Dumbo (2019),BV,$352.9,$114.7,32.5%,$238.2,67.5%,2019
68,Murder on the Orient Express (2017),Fox,$352.8,$102.8,29.1%,$250.0,70.9%,2017
69,The Angry Birds Movie,Sony,$352.3,$107.5,30.5%,$244.8,69.5%,2016
70,GoldenEye,MGM,$352.2,$106.4,30.2%,$245.8,69.8%,1995
71,Catch Me If You Can,DW,$352.1,$164.6,46.8%,$187.5,53.2%,2002
72,Now You See Me,LG/S,$351.7,$117.7,33.5%,$234.0,66.5%,2013
73,Hannibal,MGM,$351.7,$165.1,46.9%,$186.6,53.1%,2001
74,The Mask,NL,$351.6,$119.9,34.1%,$231.6,65.9%,1994
75,Peter Rabbit,Sony,$351.3,$115.3,32.8%,$236.0,67.2%,2018
76,Speed,Fox,$350.4,$121.2,34.6%,$229.2,65.4%,1994
77,Dinosaur,BV,$349.8,$137.7,39.4%,$212.1,60.6%,2000
78,Mary Poppins Returns,BV,$349.5,$172.0,49.2%,$177.6,50.8%,2018
79,Deep Impact,Par.,$349.5,$140.5,40.2%,$209.0,59.8%,1998
80,Dr. Seuss' The Lorax,Uni.,$348.8,$214.0,61.4%,$134.8,38.6%,2012
81,The Maze Runner,Fox,$348.3,$102.4,29.4%,$245.9,70.6%,2014
82,The Smurfs 2,Sony,$347.5,$71.0,20.4%,$276.5,79.6%,2013
83,National Treasure,BV,$347.5,$173.0,49.8%,$174.5,50.2%,2004
84,Rush Hour 2,NL,$347.3,$226.2,65.1%,$121.2,34.9%,2001
85,"I, Robot",Fox,$347.2,$144.8,41.7%,$202.4,58.3%,2004
86,Trolls,Fox,$346.9,$153.7,44.3%,$193.2,55.7%,2016
87,xXx: The Return of Xander Cage,Par.,$346.1,$44.9,13.0%,$301.2,87.0%,2017
88,Pocahontas,BV,$346.1,$141.6,40.9%,$204.5,59.1%,1995
89,How the Grinch Stole Christmas,Uni.,$345.1,$260.0,75.3%,$85.1,24.7%,2000
90,Star Trek Beyond,Par.,$343.5,$158.8,46.2%,$184.6,53.8%,2016
91,Alvin and the Chipmunks: Chipwrecked,Fox,$342.7,$133.1,38.8%,$209.6,61.2%,2011
92,The Flintstones,Uni.,$341.6,$130.5,38.2%,$211.1,61.8%,1994
93,Wanted,Uni.,$341.4,$134.5,39.4%,$206.9,60.6%,2008
94,A Quiet Place,Par.,$340.9,$188.0,55.1%,$152.9,44.9%,2018
95,Enchanted,BV,$340.5,$127.8,37.5%,$212.7,62.5%,2007
96,300: Rise of An Empire,WB,$337.6,$106.6,31.6%,$231.0,68.4%,2014
97,Batman Forever,WB,$336.6,$184.1,54.7%,$152.5,45.3%,1995^
98,Prince of Persia: The Sands of Time,BV,$336.4,$90.8,27.0%,$245.6,73.0%,2010
99,Over the Hedge,P/DW,$336.0,$155.0,46.1%,$181.0,53.9%,2006
100,Journey 2: The Mysterious Island,WB (NL),$335.3,$103.9,31.0%,$231.4,69.0%,2012
1,The Rock,BV,$335.1,$134.1,40.0%,$201.0,60.0%,1996
2,The Great Wall,Uni.,$334.9,$45.5,13.6%,$289.4,86.4%,2017
3,Now You See Me 2,LG/S,$334.9,$65.1,19.4%,$269.8,80.6%,2016
4,The Curious Case of Benjamin Button,Par.,$333.9,$127.5,38.2%,$206.4,61.8%,2008
5,Indiana Jones and the Temple of Doom,Par.,$333.1,$179.9,54.0%,$153.2,46.0%,1984
6,Tomorrow Never Dies,MGM,$333.0,$125.3,37.6%,$207.7,62.4%,1997
7,The Secret Life of Pets 2,Uni.,$332.7,$153.7,46.2%,$179.0,53.8%,2019
8,The Good Dinosaur,BV,$332.2,$123.1,37.1%,$209.1,62.9%,2015
9,Back to the Future Part II,Uni.,$332.0,$118.5,35.7%,$213.5,64.3%,1989
10,22 Jump Street,Sony,$331.3,$191.7,57.9%,$139.6,42.1%,2014
11,Fantastic Four (2005),Fox,$330.6,$154.7,46.8%,$175.9,53.2%,2005
12,Meet the Parents,Uni.,$330.4,$166.2,50.3%,$164.2,49.7%,2000
13,Who Framed Roger Rabbit,BV,$329.8,$156.5,47.4%,$173.4,52.6%,1988
14,Black Swan,FoxS,$329.4,$107.0,32.5%,$222.4,67.5%,2010
15,The Perfect Storm,WB,$328.7,$182.6,55.6%,$146.1,44.4%,2000
16,Crocodile Dundee,Par.,$328.2,$174.8,53.3%,$153.4,46.7%,1986
17,Seven,NL,$327.3,$100.1,30.6%,$227.2,69.4%,1995
18,The Devil Wears Prada,Fox,$326.6,$124.7,38.2%,$201.8,61.8%,2006
19,Taken 3,Fox,$326.5,$89.3,27.3%,$237.2,72.7%,2015
20,The Hunchback of Notre Dame,BV,$325.3,$100.1,30.8%,$225.2,69.2%,1996
21,A Christmas Carol (2009),BV,$325.3,$137.9,42.4%,$187.4,57.6%,2009
22,The SpongeBob Movie: Sponge Out of Water,Par.,$325.2,$163.0,50.1%,$162.2,49.9%,2015
23,Schindler's List,Uni.,$322.1,$96.9,30.1%,$225.2,69.9%,1993^
24,Megamind,P/DW,$321.9,$148.4,46.1%,$173.5,53.9%,2010
25,Lethal Weapon 3,WB,$321.7,$144.7,45.0%,$177.0,55.0%,1992
26,Robin Hood,Uni.,$321.7,$105.3,32.7%,$216.4,67.3%,2010
27,Inglourious Basterds,Wein.,$321.5,$120.5,37.5%,$200.9,62.5%,2009
28,101 Dalmatians (1996),BV,$320.7,$136.2,42.5%,$184.5,57.5%,1996
29,Green Book,Uni.,$320.6,$85.1,26.5%,$235.5,73.5%,2018
30,The Conjuring 2,WB (NL),$320.4,$102.5,32.0%,$217.9,68.0%,2016
31,Fatal Attraction,Par.,$320.1,$156.6,48.9%,$163.5,51.1%,1987
32,The Last Airbender,Par.,$319.7,$131.8,41.2%,$187.9,58.8%,2010
33,The Conjuring,WB (NL),$319.5,$137.4,43.0%,$182.1,57.0%,2013
34,John Wick: Chapter 3 - Parabellum,LG/S,$318.9,$169.7,53.2%,$149.2,46.8%,2019
35,The Proposal,BV,$317.4,$164.0,51.7%,$153.4,48.3%,2009
36,Beverly Hills Cop,Par.,$316.4,$234.8,74.2%,$81.6,25.8%,1984
37,Air Force One,Sony,$315.2,$173.0,54.9%,$142.2,45.1%,1997
38,The Expendables 2,LGF,$315.0,$85.0,27.0%,$229.9,73.0%,2012
39,Chicken Little,BV,$314.4,$135.4,43.1%,$179.0,56.9%,2005
40,As Good as It Gets,Sony,$314.2,$148.5,47.3%,$165.7,52.7%,1997
41,A Beautiful Mind,Uni.,$313.5,$170.7,54.5%,$142.8,45.5%,2001
42,Maze Runner: The Scorch Trials,Fox,$312.3,$81.7,26.2%,$230.6,73.8%,2015
43,Resident Evil: The Final Chapter,SGem,$312.2,$26.8,8.6%,$285.4,91.4%,2017
44,Austin Powers: The Spy Who Shagged Me,NL,$312.0,$206.0,66.0%,$106.0,34.0%,1999
45,The LEGO Batman Movie,WB,$312.0,$175.8,56.3%,$136.2,43.7%,2017
46,The Polar Express,WB,$311.4,$187.2,60.1%,$124.1,39.9%,2004^
47,Ocean's Thirteen,WB,$311.3,$117.2,37.6%,$194.2,62.4%,2007
48,Little Fockers,Uni.,$310.7,$148.4,47.8%,$162.2,52.2%,2010
49,Bolt,BV,$310.0,$114.1,36.8%,$195.9,63.2%,2008
50,Ransom,BV,$309.5,$136.5,44.1%,$173.0,55.9%,1996
51,Runaway Bride,Par.,$309.5,$152.3,49.2%,$157.2,50.8%,1999
52,The Blind Side,WB,$309.2,$256.0,82.8%,$53.2,17.2%,2009
53,The Fault in our Stars,Fox,$307.2,$124.9,40.7%,$182.3,59.3%,2014
54,The Pursuit of Happyness,Sony,$307.1,$163.6,53.3%,$143.5,46.7%,2006
55,Rise of the Guardians,P/DW,$306.9,$103.4,33.7%,$203.5,66.3%,2012
56,Close Encounters of the Third Kind,Col.,$306.9,$135.2,44.1%,$171.7,55.9%,1977^
57,Chicago,Mira.,$306.8,$170.7,55.6%,$136.1,44.4%,2002
58,Annabelle: Creation,WB (NL),$306.5,$102.1,33.3%,$204.4,66.7%,2017
59,Wonder,LGF,$305.9,$132.4,43.3%,$173.5,56.7%,2017
60,Wrath of the Titans,WB,$305.3,$83.7,27.4%,$221.6,72.6%,2012
61,Skyscraper,Uni.,$304.9,$68.4,22.4%,$236.4,77.6%,2018
62,A Good Day to Die Hard,Fox,$304.7,$67.3,22.1%,$237.3,77.9%,2013
63,Mulan,BV,$304.3,$120.6,39.6%,$183.7,60.4%,1998
64,Passengers (2016),Sony,$303.1,$100.0,33.0%,$203.1,67.0%,2016
65,Battleship,Uni.,$303.0,$65.4,21.6%,$237.6,78.4%,2012
66,Dangal,UTV,$302.9,$12.4,4.1%,$290.5,95.9%,2016
67,Liar Liar,Uni.,$302.7,$181.4,59.9%,$121.3,40.1%,1997
68,G.I. Joe: The Rise of Cobra,Par.,$302.5,$150.2,49.7%,$152.3,50.3%,2009
69,Hook,TriS,$300.9,$119.7,39.8%,$181.2,60.2%,1991
70,Rocky IV,UA,$300.5,$127.9,42.6%,$172.6,57.4%,1985
71,Superman,WB,$300.5,$134.5,44.7%,$166.0,55.3%,1978^
72,Rambo: First Blood Part II,TriS,$300.4,$150.4,50.1%,$150.0,49.9%,1985
73,Van Helsing,Uni.,$300.3,$120.2,40.0%,$180.1,60.0%,2004
74,Resident Evil: Afterlife,SGem,$300.2,$60.1,20.0%,$240.1,80.0%,2010
75,Stuart Little,Sony,$300.1,$140.0,46.7%,$160.1,53.3%,1999
76,Beverly Hills Cop II,Par.,$300.0,$153.7,51.2%,$146.3,48.8%,1987
77,Alice Through the Looking Glass,BV,$299.5,$77.0,25.7%,$222.4,74.3%,2016
78,My Best Friend's Wedding,Sony,$299.3,$127.1,42.5%,$172.2,57.5%,1997
79,Real Steel,BV,$299.3,$85.5,28.6%,$213.8,71.4%,2011
80,Ocean's 8,WB,$297.7,$140.2,47.1%,$157.5,52.9%,2018
81,The Divergent Series: Insurgent,LG/S,$297.3,$130.2,43.8%,$167.1,56.2%,2015
82,Dr. Seuss' Horton Hears a Who!,Fox,$297.1,$154.5,52.0%,$142.6,48.0%,2008
83,Look Who's Talking,TriS,$297.0,$140.1,47.2%,$156.9,52.8%,1989
84,Austin Powers in Goldmember,NL,$296.7,$213.3,71.9%,$83.3,28.1%,2002
85,Miss Peregrine's Home for Peculiar Children,Fox,$296.5,$87.2,29.4%,$209.2,70.6%,2016
86,X-Men,Fox,$296.3,$157.3,53.1%,$139.0,46.9%,2000
87,Ferdinand,Fox,$296.1,$84.4,28.5%,$211.7,71.5%,2017
88,Ghostbusters,Col.,$295.2,$242.2,82.0%,$53.0,18.0%,1984^
89,Shutter Island,Par.,$294.8,$128.0,43.4%,$166.8,56.6%,2010
90,Doctor Dolittle,Fox,$294.5,$144.2,49.0%,$150.3,51.0%,1998
91,Salt,Sony,$293.5,$118.3,40.3%,$175.2,59.7%,2010
92,G-Force,BV,$292.8,$119.4,40.8%,$173.4,59.2%,2009
93,The Departed,WB,$291.5,$132.4,45.4%,$159.1,54.6%,2006
94,What Lies Beneath,DW,$291.4,$155.5,53.3%,$136.0,46.7%,2000
95,Pacific Rim Uprising,Uni.,$290.9,$59.9,20.6%,$231.1,79.4%,2018
96,Shakespeare in Love,Mira.,$289.3,$100.3,34.7%,$189.0,65.3%,1998
97,Fantastic Four: Rise of the Silver Surfer,Fox,$289.0,$131.9,45.6%,$157.1,54.4%,2007
98,Divergent,LG/S,$288.9,$150.9,52.3%,$137.9,47.7%,2014
99,Coming to America,Par.,$288.8,$128.2,44.4%,$160.6,55.6%,1988
100,The Bourne Supremacy,Uni.,$288.5,$176.2,61.1%,$112.3,38.9%,2004
1,Bridesmaids,Uni.,$288.4,$169.1,58.6%,$119.3,41.4%,2011
2,Sex and the City 2,WB (NL),$288.3,$95.3,33.1%,$193.0,66.9%,2010
3,Maze Runner: The Death Cure,Fox,$288.3,$58.0,20.1%,$230.2,79.9%,2018
4,Casper,Uni.,$287.9,$100.3,34.8%,$187.6,65.2%,1995
5,Bee Movie,P/DW,$287.6,$126.6,44.0%,$161.0,56.0%,2007
6,American Pie 2,Uni.,$287.6,$145.1,50.5%,$142.5,49.5%,2001
7,Pitch Perfect 2,Uni.,$287.5,$184.3,64.1%,$103.2,35.9%,2015
8,The Green Mile,WB,$286.8,$136.8,47.7%,$150.0,52.3%,1999
9,Oblivion,Uni.,$286.2,$89.1,31.1%,$197.1,68.9%,2013
10,Elysium,TriS,$286.1,$93.1,32.5%,$193.1,67.5%,2013
11,Lethal Weapon 4,WB,$285.4,$130.4,45.7%,$155.0,54.3%,1998
12,Wedding Crashers,NL,$285.2,$209.3,73.4%,$75.9,26.6%,2005
13,John Carter,BV,$284.1,$73.1,25.7%,$211.1,74.3%,2012
14,Turbo,Fox,$282.6,$83.0,29.4%,$199.5,70.6%,2013
15,Bridget Jones's Diary,Mira.,$281.9,$71.5,25.4%,$210.4,74.6%,2001
16,Split,Uni.,$278.5,$138.3,49.7%,$140.2,50.3%,2017
17,The Tourist,Sony,$278.3,$67.6,24.3%,$210.7,75.7%,2010
18,Scary Movie,Mira.,$278.0,$157.0,56.5%,$121.0,43.5%,2000
19,XXX,SonR,$277.4,$142.1,51.2%,$135.3,48.8%,2002
20,Spirited Away,BV,$277.3,$12.4,4.5%,$264.9,95.5%,2002^
21,The Bourne Legacy,Uni.,$276.1,$113.2,41.0%,$162.9,59.0%,2012
22,Mr. Peabody & Sherman,Fox,$275.7,$111.5,40.4%,$164.2,59.6%,2014
23,Scooby-Doo,WB,$275.7,$153.3,55.6%,$122.4,44.4%,2002
24,Lincoln,BV,$275.3,$182.2,66.2%,$93.1,33.8%,2012
25,Lara Croft: Tomb Raider,Par.,$274.7,$131.2,47.7%,$143.5,52.3%,2001
26,Tomb Raider,WB,$274.7,$58.3,21.2%,$216.4,78.8%,2018
27,The Expendables,LGF,$274.5,$103.1,37.6%,$171.4,62.4%,2010
28,Cloudy with a Chance of Meatballs 2,Sony,$274.3,$119.8,43.7%,$154.5,56.3%,2013
29,The Nutty Professor (1996),Uni.,$274.0,$128.8,47.0%,$145.1,53.0%,1996
30,Jerry Maguire,Sony,$273.6,$154.0,56.3%,$119.6,43.7%,1996
31,Bad Boys II,Sony,$273.3,$138.6,50.7%,$134.7,49.3%,2003
32,Lilo & Stitch,BV,$273.1,$145.8,53.4%,$127.3,46.6%,2002
33,The Silence of the Lambs,Orion,$272.7,$130.7,47.9%,$142.0,52.1%,1991
34,Grown Ups,Sony,$271.4,$162.0,59.7%,$109.4,40.3%,2010
35,Neighbors,Uni.,$270.7,$150.2,55.5%,$120.5,44.5%,2014
36,The Firm,Par.,$270.2,$158.3,58.6%,$111.9,41.4%,1993
37,We're the Millers,WB (NL),$270.0,$150.4,55.7%,$119.6,44.3%,2013
38,Gran Torino,WB,$270.0,$148.1,54.9%,$121.9,45.1%,2008
39,"10,000 B.C.",WB,$269.8,$94.8,35.1%,$175.0,64.9%,2008
40,Epic,Fox,$268.4,$107.5,40.1%,$160.9,59.9%,2013
41,Exodus: Gods and Kings,Fox,$268.2,$65.0,24.2%,$203.2,75.8%,2014
42,Paddington,W/Dim.,$268.0,$76.3,28.5%,$191.8,71.5%,2015
43,Bambi,RKO,$267.4,$102.2,38.2%,$165.2,61.8%,1942^
44,The Princess and the Frog,BV,$267.0,$104.4,39.1%,$162.6,60.9%,2009
45,Batman Returns,WB,$266.9,$162.9,61.0%,$104.0,39.0%,1992^
46,Something's Gotta Give,Sony,$266.7,$124.7,46.8%,$142.0,53.2%,2003
47,Indecent Proposal,Par.,$266.6,$106.6,40.0%,$160.0,60.0%,1993
48,American Gangster,Uni.,$266.5,$130.2,48.8%,$136.3,51.2%,2007
49,Waterworld,Uni.,$264.2,$88.2,33.4%,$176.0,66.6%,1995
50,The Truman Show,Par.,$264.1,$125.6,47.6%,$138.5,52.4%,1998
51,Charlie's Angels,Sony,$264.1,$125.3,47.4%,$138.8,52.6%,2000
52,The Fifth Element,Sony,$263.9,$63.8,24.2%,$200.1,75.8%,1997^
53,The Incredible Hulk,Uni.,$263.4,$134.8,51.2%,$128.6,48.8%,2008
54,Jumanji,Sony,$262.8,$100.5,38.2%,$162.3,61.8%,1995
55,Bridget Jones: The Edge of Reason,Uni.,$262.5,$40.2,15.3%,$222.3,84.7%,2004
56,Knight & Day,Fox,$261.9,$76.4,29.2%,$185.5,70.8%,2010
57,Borat: Cultural Learnings of America for Make Benefit Glorious Nation of Kazakhstan,Fox,$261.6,$128.5,49.1%,$133.1,50.9%,2006
58,Total Recall,Sony,$261.3,$119.4,45.7%,$141.9,54.3%,1990^
59,Michael Jackson's This Is It,Sony,$261.2,$72.1,27.6%,$189.1,72.4%,2009
60,Robots,Fox,$260.7,$128.2,49.2%,$132.5,50.8%,2005
61,The Lone Ranger,BV,$260.5,$89.3,34.3%,$171.2,65.7%,2013
62,Super 8,Par.,$260.1,$127.0,48.8%,$133.1,51.2%,2011
63,Mojin: The Lost Legend,WGUSA,$259.4,$1.2,0.5%,$258.1,99.5%,2015
64,Blade Runner 2049,WB,$259.2,$92.1,35.5%,$167.2,64.5%,2017
65,Charlie's Angels: Full Throttle,Sony,$259.2,$100.8,38.9%,$158.3,61.1%,2003
66,Rush Hour 3,NL,$258.0,$140.1,54.3%,$117.9,45.7%,2007
67,The Full Monty,FoxS,$257.9,$46.0,17.8%,$212.0,82.2%,1997
68,Annabelle,WB (NL),$257.0,$84.3,32.8%,$172.8,67.2%,2014
69,The Village,BV,$256.7,$114.2,44.5%,$142.5,55.5%,2004
70,Lost in Hong Kong,WGUSA,$256.3,$1.3,0.5%,$255.0,99.5%,2015
71,Erin Brockovich,Uni.,$256.3,$125.6,49.0%,$130.7,51.0%,2000
72,Halloween (2018),Uni.,$255.5,$159.3,62.4%,$96.2,37.6%,2018
73,Get Out,Uni.,$255.4,$176.0,68.9%,$79.4,31.1%,2017
74,Cliffhanger,TriS,$255.0,$84.0,33.0%,$171.0,67.0%,1993
75,Us,Uni.,$254.7,$175.0,68.7%,$79.7,31.3%,2019
76,Kung Fu Yoga,WGUSA,$254.2,$363k,0.1%,$253.8,99.9%,2017
77,Baahubali 2: The Conclusion,GrtIndia,$254.2,$20.2,7.9%,$234.0,92.1%,2017
78,Babe,Uni.,$254.1,$63.7,25.0%,$190.5,75.0%,1995
79,Wild Hogs,BV,$253.6,$168.3,66.3%,$85.4,33.7%,2007
80,High School Musical 3: Senior Year,BV,$252.9,$90.6,35.8%,$162.3,64.2%,2008
81,Hercules,BV,$252.7,$99.1,39.2%,$153.6,60.8%,1997
82,True Grit,Par.,$252.3,$171.2,67.9%,$81.0,32.1%,2010
83,Dark Phoenix,Fox,$252.2,$65.6,26.0%,$186.6,74.0%,2019
84,Bean,Gram.,$251.2,$45.3,18.0%,$205.9,82.0%,1997
85,American Hustle,Sony,$251.2,$150.1,59.8%,$101.1,40.2%,2013
86,You've Got Mail,WB,$250.8,$115.8,46.2%,$135.0,53.8%,1998
87,Enemy of the State,BV,$250.6,$111.5,44.5%,$139.1,55.5%,1998
88,Brother Bear,BV,$250.4,$85.3,34.1%,$165.1,65.9%,2003
89,The Mask of Zorro,Sony,$250.3,$94.1,37.6%,$156.2,62.4%,1998
90,Eragon,Fox,$249.5,$75.0,30.1%,$174.5,69.9%,2006
91,The Ring,DW,$249.3,$129.1,51.8%,$120.2,48.2%,2002
92,The Blair Witch Project,Art.,$248.6,$140.5,56.5%,$108.1,43.5%,1999
93,Unbreakable,BV,$248.1,$95.0,38.3%,$153.1,61.7%,2000
94,Men in Black International,Sony,$247.7,$78.8,31.8%,$168.8,68.2%,2019
95,Dumb and Dumber,NL,$247.3,$127.2,51.4%,$120.1,48.6%,1994
96,Glass,Uni.,$247.0,$111.0,45.0%,$136.0,55.0%,2019
97,Grown Ups 2,Sony,$247.0,$133.7,54.1%,$113.3,45.9%,2013
98,Love Actually,Uni.,$246.9,$59.7,24.2%,$187.2,75.8%,2003
99,Journey to the West: The Demons Strike Back,Sony,$246.6,$880k,0.4%,$245.7,99.6%,2017
100,The Peanuts Movie,Fox,$246.2,$130.2,52.9%,$116.1,47.1%,2015
1,Rango,Par.,$245.7,$123.5,50.3%,$122.2,49.7%,2011
2,Four Weddings and a Funeral,Gram.,$245.7,$52.7,21.4%,$193.0,78.6%,1994
3,Face/Off,Par.,$245.7,$112.3,45.7%,$133.4,54.3%,1997
4,Teenage Mutant Ninja Turtles: Out of the Shadows,Par.,$245.6,$82.1,33.4%,$163.6,66.6%,2016
5,Dark Shadows,WB,$245.5,$79.7,32.5%,$165.8,67.5%,2012
6,Hulk,Uni.,$245.4,$132.2,53.9%,$113.2,46.1%,2003
7,Bienvenue chez les Ch'tis,,$245.1,,0.0%,$245.1,100.0%,0
8,The Godfather,Par.,$245.1,$135.0,55.1%,$110.1,44.9%,1972^
9,Pixels,Sony,$244.9,$78.7,32.2%,$166.1,67.8%,2015
10,Hercules (2014),Par.,$244.8,$72.7,29.7%,$172.1,70.3%,2014
11,Back to the Future Part III,Uni.,$244.5,$87.7,35.9%,$156.8,64.1%,1990
12,Rush Hour,NL,$244.4,$141.2,57.8%,$103.2,42.2%,1998
13,After Earth,Sony,$243.8,$60.5,24.8%,$183.3,75.2%,2013
14,A Few Good Men,Col.,$243.2,$141.3,58.1%,$101.9,41.9%,1992
15,Cloudy with a Chance of Meatballs,Sony,$243.0,$124.9,51.4%,$118.1,48.6%,2009
16,8 Mile,Uni.,$242.9,$116.8,48.1%,$126.1,51.9%,2002
17,Daddy's Home,Par.,$242.8,$150.4,61.9%,$92.4,38.1%,2015
18,Marley and Me,Fox,$242.7,$143.2,59.0%,$99.6,41.0%,2008
19,RoboCop (2014),Sony,$242.7,$58.6,24.1%,$184.1,75.9%,2014
20,Eraser,WB,$242.3,$101.3,41.8%,$141.0,58.2%,1996
21,Journey to the Center of the Earth,WB (NL),$242.0,$101.7,42.0%,$140.3,58.0%,2008
22,Assassin's Creed,Fox,$240.9,$54.6,22.7%,$186.3,77.3%,2016
23,Alien: Covenant,Fox,$240.9,$74.3,30.8%,$166.6,69.2%,2017
24,Sully,WB,$240.8,$125.1,51.9%,$115.7,48.1%,2016
25,Die Hard 2: Die Harder,Fox,$240.0,$117.5,49.0%,$122.5,51.0%,1990
26,Resident Evil: Retribution,SGem,$240.0,$42.3,17.6%,$197.7,82.4%,2012
27,Crocodile Dundee II,Par.,$239.6,$109.3,45.6%,$130.3,54.4%,1988
28,Planes,BV,$239.3,$90.3,37.7%,$149.0,62.3%,2013
29,Crazy Rich Asians,WB,$238.5,$174.5,73.2%,$64.0,26.8%,2018
30,Batman and Robin,WB,$238.2,$107.4,45.1%,$130.9,54.9%,1997^
31,Click,SonR,$237.7,$137.4,57.8%,$100.3,42.2%,2006
32,Gulliver's Travels,Fox,$237.4,$42.8,18.0%,$194.6,82.0%,2010
33,Gone in 60 Seconds,BV,$237.2,$101.6,42.9%,$135.6,57.1%,2000
34,Saturday Night Fever,Par.,$237.1,$94.2,39.7%,$142.9,60.3%,1977
35,Silver Linings Playbook,Wein.,$236.4,$132.1,55.9%,$104.3,44.1%,2012
36,2 Fast 2 Furious,Uni.,$236.4,$127.2,53.8%,$109.2,46.2%,2003
37,Howl's Moving Castle,BV,$236.0,$5.6,2.4%,$230.5,97.6%,2005^
38,Hidden Figures,Fox,$236.0,$169.6,71.9%,$66.3,28.1%,2016
39,A.I. Artificial Intelligence,WB,$235.9,$78.6,33.3%,$157.3,66.7%,2001
40,Dead Poets Society,BV,$235.9,$95.9,40.6%,$140.0,59.4%,1989
41,Spy,Fox,$235.7,$110.8,47.0%,$124.8,53.0%,2015
42,American Pie,Uni.,$235.5,$102.6,43.6%,$132.9,56.4%,1999
43,American Reunion,Uni.,$235.0,$57.0,24.3%,$178.0,75.7%,2012
44,Big Daddy,Sony,$234.8,$163.5,69.6%,$71.3,30.4%,1999
45,Alvin and the Chipmunks: The Road Chip,Fox,$234.8,$85.9,36.6%,$148.9,63.4%,2015
46,The Imitation Game,Wein.,$233.6,$91.1,39.0%,$142.4,61.0%,2014
47,The Day the Earth Stood Still (2008),Fox,$233.1,$79.4,34.0%,$153.7,66.0%,2008
48,The Girl with the Dragon Tattoo (2011),Sony,$232.6,$102.5,44.1%,$130.1,55.9%,2011
49,Argo,WB,$232.3,$136.0,58.5%,$96.3,41.5%,2012
50,The English Patient,Mira.,$232.0,$78.7,33.9%,$153.3,66.1%,1996
51,Sister Act,BV,$231.6,$139.6,60.3%,$92.0,39.7%,1992
52,American Wedding,Uni.,$231.4,$104.6,45.2%,$126.9,54.8%,2003
53,Juno,FoxS,$231.4,$143.5,62.0%,$87.9,38.0%,2007
54,Constantine,WB,$230.9,$76.0,32.9%,$154.9,67.1%,2005
55,Get Smart,WB,$230.7,$130.3,56.5%,$100.4,43.5%,2008
56,Space Jam,WB,$230.4,$90.4,39.2%,$140.0,60.8%,1996
57,The Heat,Fox,$229.9,$159.6,69.4%,$70.3,30.6%,2013
58,Mr. Bean's Holiday,Uni.,$229.7,$33.3,14.5%,$196.4,85.5%,2007
59,Life Is Beautiful,Mira.,$229.2,$57.6,25.1%,$171.6,74.9%,1998^
60,Ghostbusters (2016),Sony,$229.1,$128.4,56.0%,$100.8,44.0%,2016
61,Ghost Rider,Sony,$228.7,$115.8,50.6%,$112.9,49.4%,2007
62,Goodbye Mr. Loser,CL,$228.1,$1.3,0.6%,$226.8,99.4%,2015
63,Sleepless in Seattle,TriS,$227.9,$126.8,55.6%,$101.1,44.4%,1993^
64,Lethal Weapon 2,WB,$227.9,$147.3,64.6%,$80.6,35.4%,1989
65,The Green Hornet,Sony,$227.8,$98.8,43.4%,$129.0,56.6%,2011
66,Out of Africa,Uni.,$227.5,$87.1,38.3%,$140.4,61.7%,1985
67,Paddington 2,WB,$227.3,$40.9,18.0%,$186.4,82.0%,2018
68,Baby Driver,TriS,$226.9,$107.8,47.5%,$119.1,52.5%,2017
69,Immortals,Rela.,$226.9,$83.5,36.8%,$143.4,63.2%,2011
70,Taken,Fox,$226.8,$145.0,63.9%,$81.8,36.1%,2009
71,Percy Jackson & The Olympians: The Lightning Thief,Fox,$226.5,$88.8,39.2%,$137.7,60.8%,2010
72,Hansel and Gretel: Witch Hunters,Par.,$226.3,$55.7,24.6%,$170.6,75.4%,2013
73,Good Will Hunting,Mira.,$225.9,$138.4,61.3%,$87.5,38.7%,1997
74,Valerian and the City of a Thousand Planets,STX,$225.9,$41.2,18.2%,$184.7,81.8%,2017
75,The Social Network,Sony,$224.9,$97.0,43.1%,$128.0,56.9%,2010
76,Chicken Run,DW,$224.8,$106.8,47.5%,$118.0,52.5%,2000
77,Con Air,BV,$224.0,$101.1,45.1%,$122.9,54.9%,1997
78,Interview with the Vampire,WB,$223.7,$105.3,47.1%,$118.4,52.9%,1994
79,Flightplan,BV,$223.4,$89.7,40.2%,$133.7,59.8%,2005
80,Yes Man,WB,$223.2,$97.7,43.8%,$125.6,56.2%,2008
81,Non-Stop,Uni.,$222.8,$92.2,41.4%,$130.6,58.6%,2014
82,"Honey, I Shrunk the Kids",BV,$222.7,$130.7,58.7%,$92.0,41.3%,1989
83,Fahrenheit 9/11,Lions,$222.4,$119.2,53.6%,$103.3,46.4%,2004
84,Jumper,Fox,$222.2,$80.2,36.1%,$142.1,63.9%,2008
85,Wild Wild West,WB,$222.1,$113.8,51.2%,$108.3,48.8%,1999
86,Geostorm,WB,$221.6,$33.7,15.2%,$187.9,84.8%,2017
87,Presumed Innocent,WB,$221.3,$86.3,39.0%,$135.0,61.0%,1990
88,Elf,NL,$220.9,$173.8,78.7%,$47.0,21.3%,2003^
89,Scary Movie 3,Dim.,$220.7,$110.0,49.8%,$110.7,50.2%,2003
90,Inferno,Sony,$220.0,$34.3,15.6%,$185.7,84.4%,2016
91,Green Lantern,WB,$219.9,$116.6,53.0%,$103.3,47.0%,2011
92,The Terminal,DW,$219.4,$77.9,35.5%,$141.5,64.5%,2004
93,What Happens in Vegas,Fox,$219.4,$80.3,36.6%,$139.1,63.4%,2008
94,It's Complicated,Uni.,$219.1,$112.7,51.5%,$106.4,48.5%,2009
95,Knocked Up,Uni.,$219.1,$148.8,67.9%,$70.3,32.1%,2007
96,Captain Phillips,Sony,$218.8,$107.1,49.0%,$111.7,51.0%,2013
97,The Prince of Egypt,DW,$218.6,$101.4,46.4%,$117.2,53.6%,1998
98,Jack Reacher,Par.,$218.3,$80.1,36.7%,$138.3,63.3%,2012
99,The Emoji Movie,Sony,$217.8,$86.1,39.5%,$131.7,60.5%,2017
100,Collateral,DW,$217.8,$101.0,46.4%,$116.8,53.6%,2004
1,Dracula Untold,Uni.,$217.1,$56.3,25.9%,$160.8,74.1%,2014
2,Central Intelligence,WB (NL),$217.0,$127.4,58.7%,$89.5,41.3%,2016
3,Million Dollar Baby,WB,$216.8,$100.5,46.4%,$116.3,53.6%,2004
4,Ted 2,Uni.,$216.7,$81.5,37.6%,$135.2,62.4%,2015
5,The Help,BV,$216.6,$169.7,78.3%,$46.9,21.7%,2011
6,Twins,Uni.,$216.6,$111.9,51.7%,$104.7,48.3%,1988
7,Valentine's Day,WB (NL),$216.5,$110.5,51.0%,$106.0,49.0%,2010
8,Bad Teacher,Sony,$216.2,$100.3,46.4%,$115.9,53.6%,2011
9,Clear and Present Danger,Par.,$215.9,$122.2,56.6%,$93.7,43.4%,1994
10,101 Dalmatians,Dis.,$215.9,$144.9,67.1%,$71.0,32.9%,1961^
11,Bram Stoker's Dracula,Col.,$215.9,$82.5,38.2%,$133.3,61.8%,1992
12,Vertical Limit,Sony,$215.7,$69.2,32.1%,$146.4,67.9%,2000
13,Ghostbusters II,Col.,$215.4,$112.5,52.2%,$102.9,47.8%,1989
14,The Patriot,Sony,$215.3,$113.3,52.6%,$102.0,47.4%,2000
15,The Sorcerer's Apprentice,BV,$215.3,$63.2,29.3%,$152.1,70.7%,2010
16,Just Go With It,Sony,$214.9,$103.0,47.9%,$111.9,52.1%,2011
17,The Expendables 3,LGF,$214.7,$39.3,18.3%,$175.3,81.7%,2014
18,Dirty Dancing,Vest,$214.6,$64.6,30.1%,$150.0,69.9%,1987^
19,Smallfoot,WB,$214.1,$83.2,38.9%,$130.9,61.1%,2018
20,Creed II,MGM,$214.1,$115.7,54.0%,$98.4,46.0%,2018
21,Public Enemies,Uni.,$214.1,$97.1,45.4%,$117.0,54.6%,2009
22,The Bourne Identity,Uni.,$214.0,$121.7,56.8%,$92.4,43.2%,2002
23,Disclosure,WB,$214.0,$83.0,38.8%,$131.0,61.2%,1994
24,Pulp Fiction,Mira.,$213.9,$107.9,50.5%,$106.0,49.5%,1994
25,The Aviator,Mira.,$213.7,$102.6,48.0%,$111.1,52.0%,2004
26,"Crouching Tiger, Hidden Dragon",SPC,$213.5,$128.1,60.0%,$85.4,40.0%,2000
27,Braveheart,Par.,$213.2,$75.6,35.5%,$137.6,64.5%,1995
28,Into the Woods,BV,$213.1,$128.0,60.1%,$85.1,39.9%,2014
29,Bedtime Stories,BV,$212.9,$110.1,51.7%,$102.8,48.3%,2008
30,Miss Congeniality,WB,$212.7,$106.8,50.2%,$105.9,49.8%,2000
31,Entrapment,Fox,$212.4,$87.7,41.3%,$124.7,58.7%,1999
32,Ace Ventura: When Nature Calls,WB,$212.4,$108.4,51.0%,$104.0,49.0%,1995
33,Master and Commander: The Far Side of the World,Fox,$212.0,$93.9,44.3%,$118.1,55.7%,2003
34,End of Days,Uni.,$212.0,$66.9,31.6%,$145.1,68.4%,1999
35,Bridget Jones's Baby,Uni.,$212.0,$24.3,11.4%,$187.7,88.6%,2016
36,Battle: Los Angeles,Sony,$211.8,$83.6,39.4%,$128.3,60.6%,2011
37,Fury (2014),Sony,$211.8,$85.8,40.5%,$126.0,59.5%,2014
38,Due Date,WB,$211.8,$100.5,47.5%,$111.2,52.5%,2010
39,Kingdom of Heaven,Fox,$211.7,$47.4,22.4%,$164.3,77.6%,2005
40,The Little Mermaid,BV,$211.3,$111.5,52.8%,$99.8,47.2%,1989^
41,Australia,Fox,$211.3,$49.6,23.4%,$161.8,76.6%,2008
42,District 9,TriS,$210.8,$115.6,54.9%,$95.2,45.1%,2009
43,Moonraker,MGM,$210.3,$70.3,33.4%,$140.0,66.6%,1979
44,The Others,Mira.,$209.9,$96.5,46.0%,$113.4,54.0%,2001
45,Horrible Bosses,WB (NL),$209.6,$117.5,56.1%,$92.1,43.9%,2011
46,Red Dragon,Uni.,$209.2,$93.1,44.5%,$116.0,55.5%,2002
47,Tomorrowland,BV,$209.2,$93.4,44.7%,$115.7,55.3%,2015
48,Lemony Snicket's A Series of Unfortunate Events,Par.,$209.1,$118.6,56.7%,$90.4,43.3%,2004
49,Me Before You,WB (NL),$208.3,$56.2,27.0%,$152.1,73.0%,2016
50,Annabelle Comes Home,WB (NL),$208.2,$69.7,33.5%,$138.5,66.5%,2019
51,Safe House,Uni.,$208.1,$126.4,60.7%,$81.7,39.3%,2012
52,S.W.A.T.,Sony,$207.7,$116.9,56.3%,$90.8,43.7%,2003
53,Traffic,USA,$207.5,$124.1,59.8%,$83.4,40.2%,2000
54,The Fast and the Furious,Uni.,$207.3,$144.5,69.7%,$62.8,30.3%,2001
55,Paranormal Activity 3,Par.,$207.0,$104.0,50.2%,$103.0,49.8%,2011
56,Philadelphia,TriS,$206.7,$77.4,37.5%,$129.2,62.5%,1993
57,Sleepy Hollow,Par.,$206.1,$101.1,49.0%,$105.0,51.0%,1999
58,The Jungle Book,Dis.,$205.8,$141.8,68.9%,$64.0,31.1%,1967^
59,London Has Fallen,Focus,$205.8,$62.5,30.4%,$143.2,69.6%,2016
60,Journey to the West,Magn.,$205.6,$18.1k,0.0%,$205.6,100.0%,2014
61,JFK,WB,$205.4,$70.4,34.3%,$135.0,65.7%,1991
62,White House Down,Sony,$205.4,$73.1,35.6%,$132.3,64.4%,2013
63,The Ugly Truth,Sony,$205.3,$88.9,43.3%,$116.4,56.7%,2009
64,The Holiday,Sony,$205.1,$63.2,30.8%,$141.9,69.2%,2006
65,A Dog's Purpose,Uni.,$205.0,$64.5,31.5%,$140.5,68.5%,2017
66,The Break-Up,Uni.,$205.0,$118.7,57.9%,$86.3,42.1%,2006
67,Eat Pray Love,Sony,$204.6,$80.6,39.4%,$124.0,60.6%,2010
68,King Arthur,BV,$203.6,$51.9,25.5%,$151.7,74.5%,2004
69,Everest (2015),Uni.,$203.4,$43.5,21.4%,$159.9,78.6%,2015
70,Vanilla Sky,Par.,$203.4,$100.6,49.5%,$102.8,50.5%,2001
71,Arrival,Par.,$203.4,$100.5,49.4%,$102.8,50.6%,2016
72,Need for Speed,BV,$203.3,$43.6,21.4%,$159.7,78.6%,2014
73,Hairspray (2007),NL,$202.5,$118.9,58.7%,$83.7,41.3%,2007
74,Ponyo,BV,$202.4,$15.7,7.8%,$186.7,92.2%,2009^
75,Patch Adams,Uni.,$202.3,$135.0,66.7%,$67.3,33.3%,1998
76,Fun with Dick and Jane,Sony,$202.0,$110.3,54.6%,$91.7,45.4%,2005
77,Teenage Mutant Ninja Turtles,NL,$202.0,$135.3,67.0%,$66.7,33.0%,1990
78,Kindergarten Cop,Uni.,$202.0,$91.5,45.3%,$110.5,54.7%,1990
79,Straight Outta Compton,Uni.,$201.6,$161.2,79.9%,$40.4,20.1%,2015
80,21 Jump Street,Sony,$201.6,$138.4,68.7%,$63.1,31.3%,2012
81,Yogi Bear,WB,$201.6,$100.2,49.7%,$101.3,50.3%,2010
82,Garfield: The Movie,Fox,$200.8,$75.4,37.5%,$125.4,62.5%,2004
83,Cats & Dogs,WB,$200.7,$93.4,46.5%,$107.3,53.5%,2001
84,The Hunt for Red October,Par.,$200.5,$122.0,60.9%,$78.5,39.1%,1990
85,Valkyrie,UA,$200.3,$83.1,41.5%,$117.2,58.5%,2008
