,Release Date,Movie,Budget,Domestic Gross,Worldwide Gross
1,"Dec 18, 2009",Avatar,"$425,000,000","$760,507,625","$2,789,705,275"
2,"May 20, 2011",Pirates of the Caribbean: On Stranger Tides,"$410,600,000","$241,063,875","$1,045,663,875"
3,"Apr 26, 2019",Avengers: Endgame,"$400,000,000","$856,576,358","$2,793,060,360"
4,"Jun 7, 2019",Dark Phoenix,"$350,000,000","$65,595,183","$246,286,679"
5,"May 1, 2015",Avengers: Age of Ultron,"$330,600,000","$459,005,868","$1,403,013,963"
6,"Dec 15, 2017",Star Wars Ep. VIII: The Last Jedi,"$317,000,000","$620,181,382","$1,316,721,747"
7,"Dec 18, 2015",Star Wars Ep. VII: The Force Awakens,"$306,000,000","$936,662,225","$2,053,311,220"
8,"Apr 27, 2018",Avengers: Infinity War,"$300,000,000","$678,815,482","$2,048,134,200"
9,"May 24, 2007",Pirates of the Caribbean: At Worldâs End,"$300,000,000","$309,420,425","$963,420,425"
10,"Nov 17, 2017",Justice League,"$300,000,000","$229,024,295","$655,945,209"
11,"Nov 6, 2015",Spectre,"$300,000,000","$200,074,175","$879,620,923"
12,"Jul 20, 2012",The Dark Knight Rises,"$275,000,000","$448,139,099","$1,084,439,099"
13,"May 25, 2018",Solo: A Star Wars Story,"$275,000,000","$213,767,512","$393,151,347"
14,"Jul 2, 2013",The Lone Ranger,"$275,000,000","$89,302,115","$260,002,115"
15,"Mar 9, 2012",John Carter,"$275,000,000","$73,058,679","$282,778,100"
16,"Nov 24, 2010",Tangled,"$260,000,000","$200,821,936","$586,477,240"
17,"May 4, 2007",Spider-Man 3,"$258,000,000","$336,530,303","$894,860,230"
18,"May 6, 2016",Captain America: Civil War,"$250,000,000","$408,084,349","$1,140,069,413"
19,"Mar 25, 2016",Batman v Superman: Dawn of Justice,"$250,000,000","$330,360,194","$867,500,281"
20,"Dec 14, 2012",The Hobbit: An Unexpected Journey,"$250,000,000","$303,003,568","$1,017,003,568"
21,"Jul 15, 2009",Harry Potter and the Half-Blood Prince,"$250,000,000","$302,089,278","$935,213,767"
22,"Dec 13, 2013",The Hobbit: The Desolation of Smaug,"$250,000,000","$258,366,855","$960,366,855"
23,"Dec 17, 2014",The Hobbit: The Battle of the Five Armies,"$250,000,000","$255,119,788","$945,577,621"
24,"Apr 14, 2017",The Fate of the Furious,"$250,000,000","$225,764,765","$1,234,846,267"
25,"Jun 28, 2006",Superman Returns,"$232,000,000","$200,120,000","$374,085,065"
26,"May 26, 2017",Pirates of the Caribbean: Dead Men Tell No Tales,"$230,000,000","$172,558,876","$788,241,137"
27,"Nov 14, 2008",Quantum of Solace,"$230,000,000","$169,368,427","$591,692,078"
28,"May 4, 2012",The Avengers,"$225,000,000","$623,279,547","$1,517,935,897"
29,"Jul 7, 2006",Pirates of the Caribbean: Dead Manâs Chest,"$225,000,000","$423,315,812","$1,066,215,812"
30,"Jun 14, 2013",Man of Steel,"$225,000,000","$291,045,518","$667,999,518"
31,"May 16, 2008",The Chronicles of Narnia: Prince Caspian,"$225,000,000","$141,621,490","$417,341,288"
32,"Jul 17, 2020",Tenet,"$224,000,000",$0,$0
33,"Jul 3, 2012",The Amazing Spider-Man,"$220,000,000","$262,030,663","$757,890,267"
34,"May 18, 2012",Battleship,"$220,000,000","$65,233,400","$313,477,717"
35,"Jun 21, 2017",Transformers: The Last Knight,"$217,000,000","$130,168,683","$602,893,340"
36,"Jun 12, 2015",Jurassic World,"$215,000,000","$652,270,625","$1,648,854,864"
37,"May 25, 2012",Men in Black 3,"$215,000,000","$179,020,854","$654,213,485"
38,"Jun 24, 2009",Transformers: Revenge of the Fallen,"$210,000,000","$402,111,870","$836,519,699"
39,"Jun 27, 2014",Transformers: Age of Extinction,"$210,000,000","$245,439,076","$1,104,039,076"
40,"May 26, 2006",X-Men: The Last Stand,"$210,000,000","$234,362,462","$459,260,946"
41,"May 14, 2010",Robin Hood,"$210,000,000","$105,487,148","$322,459,006"
42,"Dec 14, 2005",King Kong,"$207,000,000","$218,080,025","$550,517,357"
43,"Dec 7, 2007",The Golden Compass,"$205,000,000","$70,107,728","$367,262,558"
44,"Feb 16, 2018",Black Panther,"$200,000,000","$700,059,566","$1,348,258,224"
45,"Dec 19, 1997",Titanic,"$200,000,000","$659,363,944","$2,208,208,395"
46,"Jun 15, 2018",Incredibles 2,"$200,000,000","$608,581,744","$1,242,520,711"
47,"Dec 16, 2016",Rogue One: A Star Wars Story,"$200,000,000","$532,177,324","$1,049,102,856"
48,"Jun 17, 2016",Finding Dory,"$200,000,000","$486,295,561","$1,021,215,193"
49,"Jun 18, 2010",Toy Story 3,"$200,000,000","$415,004,880","$1,068,879,522"
50,"May 3, 2013",Iron Man 3,"$200,000,000","$408,992,272","$1,215,392,272"
51,"May 5, 2017",Guardians of the Galaxy Vol 2,"$200,000,000","$389,813,101","$862,316,233"
52,"Jun 30, 2004",Spider-Man 2,"$200,000,000","$373,524,485","$795,110,670"
53,"Mar 5, 2010",Alice in Wonderland,"$200,000,000","$334,191,110","$1,025,491,110"
54,"Nov 8, 2012",Skyfall,"$200,000,000","$304,360,277","$1,110,526,981"
55,"Jun 21, 2013",Monsters University,"$200,000,000","$268,488,329","$743,588,329"
56,"Mar 8, 2013",Oz the Great and Powerful,"$200,000,000","$234,770,996","$490,359,051"
57,"May 23, 2014",X-Men: Days of Future Past,"$200,000,000","$233,921,534","$747,862,775"
58,"May 2, 2014",The Amazing Spider-Man 2,"$200,000,000","$202,853,933","$708,996,336"
59,"Jun 24, 2011",Cars 2,"$200,000,000","$191,450,875","$560,155,383"
60,"Dec 17, 2010",Tron: Legacy,"$200,000,000","$172,062,763","$400,062,763"
61,"Nov 13, 2009",2012,"$200,000,000","$166,112,167","$757,677,748"
62,"Nov 16, 2018",Fantastic Beasts: The Crimes of Grindelwald,"$200,000,000","$159,555,901","$652,220,086"
63,"May 21, 2009",Terminator Salvation,"$200,000,000","$125,322,469","$365,491,792"
64,"Jun 17, 2011",Green Lantern,"$200,000,000","$116,601,172","$219,535,492"
65,"May 28, 2010",Prince of Persia: Sands of Time,"$200,000,000","$90,759,676","$336,359,676"
66,"Jun 29, 2011",Transformers: Dark of the Moon,"$195,000,000","$352,390,543","$1,123,790,543"
67,"Jun 9, 2017",The Mummy,"$195,000,000","$80,101,125","$409,953,905"
68,"Mar 1, 2013",Jack the Giant Slayer,"$195,000,000","$65,187,603","$197,687,603"
69,"Apr 3, 2015",Furious 7,"$190,000,000","$353,007,020","$1,518,722,794"
70,"May 16, 2013",Star Trek Into Darkness,"$190,000,000","$228,778,661","$467,381,584"
71,"Jun 21, 2013",World War Z,"$190,000,000","$202,359,711","$531,514,650"
72,"May 10, 2013",The Great Gatsby,"$190,000,000","$144,840,419","$351,040,419"
73,"Nov 6, 2009",Disneyâs A Christmas Carol,"$190,000,000","$137,855,863","$315,709,697"
74,"Jul 12, 2013",Pacific Rim,"$190,000,000","$101,802,906","$411,002,906"
75,"Nov 25, 2015",The Good Dinosaur,"$187,500,000","$123,087,120","$333,771,037"
76,"May 2, 2008",Iron Man,"$186,000,000","$318,604,126","$585,171,547"
77,"Jul 18, 2008",The Dark Knight,"$185,000,000","$533,720,947","$1,001,996,207"
78,"May 22, 2008",Indiana Jones and the Kingdom of the Crystal Skull,"$185,000,000","$317,101,119","$786,635,413"
79,"Jun 22, 2012",Brave,"$185,000,000","$237,282,182","$554,606,532"
80,"Mar 10, 2017",Kong: Skull Island,"$185,000,000","$168,052,812","$561,072,059"
81,"Jul 22, 2016",Star Trek Beyond,"$185,000,000","$158,848,340","$335,802,233"
82,"Oct 6, 2017",Blade Runner 2049,"$185,000,000","$92,054,159","$259,357,408"
83,"May 24, 2019",Aladdin,"$182,000,000","$346,180,234","$1,009,980,234"
84,"Nov 3, 2017",Thor: Ragnarok,"$180,000,000","$315,058,289","$846,980,024"
85,"Dec 9, 2005","The Chronicles of Narnia: The Lion, the Witch and the Wardrobe","$180,000,000","$291,710,957","$720,539,572"
86,"May 30, 2014",Maleficent,"$180,000,000","$241,407,328","$758,536,735"
87,"Nov 18, 2016",Fantastic Beasts and Where to Find Them,"$180,000,000","$234,037,575","$802,402,853"
88,"Jun 27, 2008",WALL-E,"$180,000,000","$223,808,164","$532,508,025"
89,"Aug 10, 2007",Rush Hour 3,"$180,000,000","$140,125,968","$256,585,882"
90,"Jul 1, 2016",The Legend of Tarzan,"$180,000,000","$126,643,061","$348,902,025"
91,"Nov 23, 2011",Hugo,"$180,000,000","$73,864,507","$180,047,784"
92,"Jul 21, 2017",Valerian and the City of a Thousand Planets,"$180,000,000","$40,479,370","$215,098,356"
93,"Feb 6, 2015",Jupiter Ascending,"$179,000,000","$47,482,519","$181,982,519"
94,"Jul 27, 2018",Mission: ImpossibleâFallout,"$178,000,000","$220,159,104","$787,456,552"
95,"May 27, 2016",X-Men: Apocalypse,"$178,000,000","$155,442,489","$542,537,546"
96,"Aug 10, 2018",The Meg,"$178,000,000","$145,443,742","$529,530,715"
97,"Jun 6, 2014",Edge of Tomorrow,"$178,000,000","$100,206,256","$370,541,256"
98,"Mar 8, 2019",Captain Marvel,"$175,000,000","$426,829,839","$1,123,365,437"
99,"Apr 15, 2016",The Jungle Book,"$175,000,000","$364,001,123","$962,854,547"
100,"Jun 19, 2015",Inside Out,"$175,000,000","$356,461,711","$854,235,992"
1,"Jul 7, 2017",Spider-Man: Homecoming,"$175,000,000","$334,201,140","$880,166,350"
2,"Aug 5, 2016",Suicide Squad,"$175,000,000","$325,100,054","$746,059,887"
3,"May 29, 2009",Up,"$175,000,000","$293,004,164","$731,463,377"
4,"Nov 22, 2017",Coco,"$175,000,000","$209,726,015","$798,008,101"
5,"Nov 21, 2018",Ralph Breaks The Internet,"$175,000,000","$201,091,711","$523,480,372"
6,"Mar 27, 2009",Monsters vs. Aliens,"$175,000,000","$198,351,526","$381,687,380"
7,"Jun 16, 2017",Cars 3,"$175,000,000","$152,901,115","$383,541,369"
8,"Aug 7, 2009",G.I. Joe: The Rise of Cobra,"$175,000,000","$150,201,498","$302,469,017"
9,"Jun 30, 1999",Wild Wild West,"$175,000,000","$113,805,681","$221,229,335"
10,"Aug 1, 2008",The Mummy: Tomb of the Dragon Emperor,"$175,000,000","$102,491,776","$405,760,225"
11,"Jun 22, 2007",Evan Almighty,"$175,000,000","$100,289,690","$174,131,329"
12,"Jul 28, 1995",Waterworld,"$175,000,000","$88,246,220","$264,246,220"
13,"May 12, 2017",King Arthur: Legend of the Sword,"$175,000,000","$39,175,066","$139,630,336"
14,"Dec 25, 2013",47 Ronin,"$175,000,000","$38,362,475","$151,716,815"
15,"Jun 22, 2018",Jurassic World: Fallen Kingdom,"$170,000,000","$417,719,760","$1,305,772,799"
16,"Aug 1, 2014",Guardians of the Galaxy,"$170,000,000","$333,172,112","$770,867,516"
17,"May 7, 2010",Iron Man 2,"$170,000,000","$312,433,331","$621,156,389"
18,"Apr 4, 2014",Captain America: The Winter Soldier,"$170,000,000","$259,746,958","$714,401,889"
19,"Jul 11, 2014",Dawn of the Planet of the Apes,"$170,000,000","$208,545,589","$710,644,566"
20,"Nov 10, 2004",The Polar Express,"$170,000,000","$187,224,605","$311,365,187"
21,"Jun 1, 2012",Snow White and the Huntsman,"$170,000,000","$155,136,755","$401,021,746"
22,"Jul 1, 2003",Terminator 3: Rise of the Machines,"$170,000,000","$150,358,296","$433,058,296"
23,"May 7, 2004",Van Helsing,"$170,000,000","$120,150,546","$300,150,546"
24,"Mar 29, 2019",Dumbo,"$170,000,000","$114,737,488","$344,939,804"
25,"May 31, 2019",Godzilla: King of the Monsters,"$170,000,000","$109,935,054","$382,738,410"
26,"May 22, 2015",Tomorrowland,"$170,000,000","$93,436,322","$206,627,518"
27,"Feb 14, 2019",Alita: Battle Angel,"$170,000,000","$85,710,210","$402,971,268"
28,"May 27, 2016",Alice Through the Looking Glass,"$170,000,000","$77,042,381","$276,928,112"
29,"May 21, 2010",Shrek Forever After,"$165,000,000","$238,736,787","$756,244,673"
30,"Nov 4, 2016",Doctor Strange,"$165,000,000","$232,641,920","$676,404,566"
31,"Nov 7, 2014",Big Hero 6,"$165,000,000","$222,527,828","$652,127,828"
32,"Mar 26, 2010",How to Train Your Dragon,"$165,000,000","$217,581,232","$494,870,992"
33,"Nov 2, 2012",Wreck-It Ralph,"$165,000,000","$189,412,677","$496,511,521"
34,"Nov 5, 2014",Interstellar,"$165,000,000","$188,017,894","$665,943,611"
35,"Jun 24, 2016",Independence Day: Resurgence,"$165,000,000","$103,144,286","$384,169,424"
36,"Jul 29, 2011",Cowboys and Aliens,"$163,000,000","$100,368,560","$176,038,324"
37,"Mar 17, 2017",Beauty and the Beast,"$160,000,000","$504,014,165","$1,259,199,706"
38,"Jul 2, 2019",Spider-Man: Far From Home,"$160,000,000","$344,707,413","$1,037,107,413"
39,"Dec 21, 2018",Aquaman,"$160,000,000","$335,061,807","$1,146,894,640"
40,"May 17, 2007",Shrek the Third,"$160,000,000","$322,719,944","$807,330,936"
41,"Jul 16, 2010",Inception,"$160,000,000","$292,576,195","$835,524,642"
42,"Nov 20, 2015",The Hunger Games: Mockingjay - Part 2,"$160,000,000","$281,723,902","$648,986,787"
43,"May 24, 2013",Fast and Furious 6,"$160,000,000","$238,679,850","$789,300,444"
44,"May 16, 2014",Godzilla,"$160,000,000","$200,676,069","$529,076,069"
45,"Jun 3, 2011",X-Men: First Class,"$160,000,000","$146,408,305","$355,408,305"
46,"Dec 25, 2008",The Curious Case of Benjamin Button,"$160,000,000","$127,509,326","$329,631,958"
47,"Jul 14, 2010",The Sorcerer's Apprentice,"$160,000,000","$63,150,991","$217,986,320"
48,"May 12, 2006",Poseidon,"$160,000,000","$60,674,817","$181,674,817"
49,"Jun 10, 2016",Warcraft,"$160,000,000","$47,225,655","$425,522,281"
50,"Sep 30, 2016",Deepwater Horizon,"$156,000,000","$61,433,527","$122,603,824"
51,"Dec 10, 2010",The Chronicles of Narnia: The Voyage of the Dawn Treader,"$155,000,000","$104,386,950","$418,186,950"
52,"Jul 1, 2015",Terminator: Genisys,"$155,000,000","$89,760,956","$432,150,894"
53,"Mar 23, 2018",Pacific Rim: Uprising,"$155,000,000","$59,874,525","$290,930,148"
54,"Nov 24, 2004",Alexander,"$155,000,000","$34,297,191","$167,297,191"
55,"Jul 14, 2017",War for the Planet of the Apes,"$152,000,000","$146,880,162","$489,592,267"
56,"May 25, 2001",Pearl Harbor,"$151,500,000","$198,539,855","$449,239,855"
57,"Jul 2, 2007",Transformers,"$151,000,000","$319,246,193","$708,272,592"
58,"Jun 2, 2017",Wonder Woman,"$150,000,000","$412,563,408","$821,133,378"
59,"Nov 22, 2013",Frozen,"$150,000,000","$400,738,009","$1,272,469,910"
60,"Mar 4, 2016",Zootopia,"$150,000,000","$341,268,248","$1,019,429,616"
61,"Jul 11, 2007",Harry Potter and the Order of the Phoenix,"$150,000,000","$292,137,260","$943,076,457"
62,"Nov 18, 2005",Harry Potter and the Goblet of Fire,"$150,000,000","$290,201,752","$897,099,794"
63,"May 15, 2003",The Matrix Reloaded,"$150,000,000","$281,553,689","$738,576,929"
64,"Dec 14, 2007",I am Legend,"$150,000,000","$256,393,010","$585,532,684"
65,"Nov 23, 2016",Moana,"$150,000,000","$248,757,044","$637,517,365"
66,"Jul 1, 2008",Hancock,"$150,000,000","$227,946,274","$624,234,272"
67,"Jul 15, 2005",Charlie and the Chocolate Factory,"$150,000,000","$206,459,076","$475,825,484"
68,"Jun 29, 2007",Ratatouille,"$150,000,000","$206,445,654","$626,549,695"
69,"Nov 8, 2013",Thor: The Dark World,"$150,000,000","$206,362,140","$644,602,516"
70,"Jun 15, 2005",Batman Begins,"$150,000,000","$205,343,774","$359,142,722"
71,"Jul 31, 2015",Mission: ImpossibleâRogue Nation,"$150,000,000","$195,042,377","$688,858,992"
72,"Jul 21, 2017",Dunkirk,"$150,000,000","$190,068,280","$499,837,368"
73,"May 6, 2011",Thor,"$150,000,000","$181,030,624","$449,326,618"
74,"Nov 7, 2008",Madagascar: Escape 2 Africa,"$150,000,000","$180,174,880","$599,680,774"
75,"May 1, 2009",X-Men Origins: Wolverine,"$150,000,000","$179,883,157","$374,825,760"
76,"May 22, 2009",Night at the Museum: Battle of the Smithsonian,"$150,000,000","$177,243,721","$402,231,063"
77,"May 26, 2011",Kung Fu Panda 2,"$150,000,000","$165,249,063","$664,837,547"
78,"May 15, 2015",Mad Max: Fury Road,"$150,000,000","$153,636,354","$370,098,020"
79,"May 10, 2019",PokÃ©mon: Detective Pikachu,"$150,000,000","$143,841,467","$429,793,554"
80,"Nov 5, 2003",The Matrix Revolutions,"$150,000,000","$139,270,910","$427,300,260"
81,"Mar 29, 2018",Ready Player One,"$150,000,000","$137,690,172","$579,290,136"
82,"Nov 4, 2005",Chicken Little,"$150,000,000","$135,386,665","$310,043,823"
83,"May 5, 2006",Mission: Impossible III,"$150,000,000","$133,501,348","$397,501,348"
84,"May 15, 2009",Angels & Demons,"$150,000,000","$133,375,846","$490,875,846"
85,"May 14, 2004",Troy,"$150,000,000","$133,298,577","$484,161,265"
86,"Jul 1, 2010",The Last Airbender,"$150,000,000","$131,772,187","$319,713,881"
87,"Nov 2, 2007",Bee Movie,"$150,000,000","$126,631,277","$287,594,577"
88,"Jul 24, 2009",G-Force,"$150,000,000","$119,436,770","$292,817,841"
89,"Nov 21, 2008",Bolt,"$150,000,000","$114,053,579","$328,015,029"
90,"Mar 30, 2012",Wrath of the Titans,"$150,000,000","$83,670,083","$305,270,083"
91,"Nov 16, 2007",Beowulf,"$150,000,000","$82,280,579","$195,080,579"
92,"May 11, 2012",Dark Shadows,"$150,000,000","$79,727,149","$238,202,668"
93,"Jun 28, 2013",White House Down,"$150,000,000","$73,103,784","$205,440,387"
94,"Feb 12, 2010",The Wolfman,"$150,000,000","$62,189,884","$142,634,358"
95,"Feb 17, 2017",The Great Wall,"$150,000,000","$45,157,105","$334,486,852"
96,"Oct 9, 2015",Pan,"$150,000,000","$35,088,320","$151,525,973"
97,"Mar 11, 2011",Mars Needs Moms,"$150,000,000","$21,392,758","$39,549,758"
98,"Dec 31, 2020",Moonfall,"$150,000,000",$0,$0
99,"Nov 3, 2006",Flushed Away,"$149,000,000","$64,665,672","$179,357,126"
100,"Jun 8, 2012",Madagascar 3: Europe's Most Wanted,"$145,000,000","$216,391,482","$746,921,271"
1,"Dec 16, 2011",Mission: ImpossibleâGhost Protocol,"$145,000,000","$209,397,903","$694,713,230"
2,"Jun 13, 2014",How to Train Your Dragon 2,"$145,000,000","$177,002,924","$614,586,270"
3,"Jun 16, 1999",Tarzan,"$145,000,000","$171,091,819","$448,191,819"
4,"Mar 7, 2014",Mr. Peabody & Sherman,"$145,000,000","$111,506,430","$269,806,430"
5,"Nov 21, 2012",Rise of the Guardians,"$145,000,000","$103,412,758","$306,900,902"
6,"Apr 8, 2005",Sahara,"$145,000,000","$68,671,925","$121,671,925"
7,"Jul 15, 2016",Ghostbusters,"$144,000,000","$128,350,574","$229,008,658"
8,"Nov 22, 2002",Die Another Day,"$142,000,000","$160,942,139","$431,942,139"
9,"Jul 9, 2003",Pirates of the Caribbean: The Curse of the Black Pearl,"$140,000,000","$305,411,224","$634,954,103"
10,"May 8, 2009",Star Trek,"$140,000,000","$257,730,019","$386,839,614"
11,"Jul 1, 1998",Armageddon,"$140,000,000","$201,578,182","$554,600,000"
12,"Jul 3, 2002",Men in Black 2,"$140,000,000","$190,418,803","$441,767,803"
13,"Jul 22, 2011",Captain America: The First Avenger,"$140,000,000","$176,654,505","$370,569,776"
14,"Jan 29, 2016",Kung Fu Panda 3,"$140,000,000","$143,528,619","$517,599,142"
15,"Jul 10, 1998",Lethal Weapon 4,"$140,000,000","$130,444,603","$285,400,000"
16,"Mar 27, 2013",G.I. Joe: Retaliation,"$140,000,000","$122,523,060","$375,740,705"
17,"Dec 5, 2003",The Last Samurai,"$140,000,000","$111,110,575","$456,810,575"
18,"Dec 21, 2005",Fun With Dick And Jane,"$140,000,000","$110,550,000","$203,018,919"
19,"Dec 12, 2014",Exodus: Gods and Kings,"$140,000,000","$65,014,513","$268,314,513"
20,"Jul 1, 2016",The BFG,"$140,000,000","$55,483,770","$199,646,680"
21,"Feb 26, 2016",Gods of Egypt,"$140,000,000","$31,153,464","$138,836,756"
22,"May 3, 2002",Spider-Man,"$139,000,000","$403,706,375","$821,706,375"
23,"Mar 6, 2009",Watchmen,"$138,000,000","$107,509,799","$186,976,250"
24,"Jul 29, 2005",Stealth,"$138,000,000","$32,116,746","$76,416,746"
25,"Jun 13, 2008",The Incredible Hulk,"$137,500,000","$134,806,913","$265,573,859"
26,"Jun 20, 2003",Hulk,"$137,000,000","$132,177,234","$245,075,434"
27,"Jul 11, 2001",Final Fantasy: The Spirits Within,"$137,000,000","$32,131,830","$85,131,830"
28,"Nov 16, 2012","The Twilight Saga: Breaking Dawn, Part 2","$136,200,000","$292,324,737","$829,724,737"
29,"Mar 22, 2013",The Croods,"$135,000,000","$187,168,425","$573,068,425"
30,"Dec 25, 2015",The Revenant,"$135,000,000","$183,637,894","$532,938,302"
31,"Nov 19, 1999",The World is Not Enough,"$135,000,000","$126,930,660","$361,730,660"
32,"Mar 4, 2011",Rango,"$135,000,000","$123,477,607","$245,724,600"
33,"Nov 14, 2003",Master and Commander: The Far Side of the World,"$135,000,000","$93,926,386","$212,912,137"
34,"Jul 17, 2013",Turbo,"$135,000,000","$83,028,130","$286,896,578"
35,"Jun 3, 2016",Teenage Mutant Ninja Turtles: Out of the Shadows,"$135,000,000","$82,051,601","$245,328,374"
36,"Nov 18, 2011",Happy Feet Two,"$135,000,000","$64,006,466","$157,956,466"
37,"Jul 28, 2006",Miami Vice,"$135,000,000","$63,478,838","$163,818,556"
38,"Nov 2, 2018",The Nutcracker and the Four Realms,"$132,900,000","$54,858,851","$170,293,899"
39,"Jun 29, 2005",War of the Worlds,"$132,000,000","$234,280,354","$606,836,535"
40,"Nov 26, 2014",Penguins of Madagascar,"$132,000,000","$83,350,911","$366,942,531"
41,"Nov 22, 2013",The Hunger Games: Catching Fire,"$130,000,000","$424,668,047","$864,868,047"
42,"Jun 4, 2004",Harry Potter and the Prisoner of Azkaban,"$130,000,000","$249,757,726","$796,907,323"
43,"Aug 3, 2007",The Bourne Ultimatum,"$130,000,000","$227,471,070","$444,043,396"
44,"Jul 6, 2018",Ant-Man and the Wasp,"$130,000,000","$216,648,740","$623,144,660"
45,"Jun 6, 2008",Kung Fu Panda,"$130,000,000","$215,434,591","$631,910,531"
46,"Jul 17, 2015",Ant-Man,"$130,000,000","$180,202,163","$518,858,449"
47,"Mar 27, 2015",Home,"$130,000,000","$177,397,510","$385,997,896"
48,"Dec 19, 2018",Mary Poppins Returns,"$130,000,000","$171,958,438","$340,246,439"
49,"Oct 28, 2011",Puss in Boots,"$130,000,000","$149,260,504","$554,987,477"
50,"Nov 5, 2010",Megamind,"$130,000,000","$148,415,853","$321,887,208"
51,"Jul 18, 2003",Bad Boys II,"$130,000,000","$138,540,870","$273,271,982"
52,"Apr 11, 2014",Rio 2,"$130,000,000","$131,538,435","$492,846,291"
53,"Jul 23, 2010",Salt,"$130,000,000","$118,311,368","$290,650,494"
54,"Mar 28, 2014",Noah,"$130,000,000","$101,200,044","$352,831,065"
55,"Dec 21, 2011",The Adventures of Tintin,"$130,000,000","$77,591,831","$373,993,951"
56,"May 31, 2013",After Earth,"$130,000,000","$60,522,097","$251,499,665"
57,"Nov 26, 2008",Australia,"$130,000,000","$49,554,002","$215,080,810"
58,"Jul 19, 2013",R.I.P.D.,"$130,000,000","$33,618,855","$79,076,678"
59,"Feb 22, 2019",How to Train Your Dragon: The Hidden World,"$129,000,000","$160,799,505","$519,246,496"
60,"Nov 18, 2011","The Twilight Saga: Breaking Dawn, Part 1","$127,500,000","$281,287,133","$689,420,051"
61,"May 19, 2000",Dinosaur,"$127,500,000","$137,748,063","$356,148,063"
62,"Mar 3, 2017",Logan,"$127,000,000","$226,277,068","$615,461,394"
63,"Dec 19, 2014",Night at the Museum: Secret of the Tomb,"$127,000,000","$113,746,621","$353,756,621"
64,"Jul 15, 2011",Harry Potter and the Deathly Hallows: Part II,"$125,000,000","$381,193,157","$1,341,693,157"
65,"Nov 21, 2014",The Hunger Games: Mockingjay - Part 1,"$125,000,000","$337,135,885","$766,575,131"
66,"Nov 16, 2001",Harry Potter and the Sorcererâs Stone,"$125,000,000","$317,871,467","$975,047,606"
67,"Nov 19, 2010",Harry Potter and the Deathly Hallows: Part I,"$125,000,000","$296,131,568","$960,431,568"
68,"May 19, 2006",The Da Vinci Code,"$125,000,000","$217,536,138","$767,820,459"
69,"May 2, 2003",X-Men 2,"$125,000,000","$214,949,694","$406,875,536"
70,"Apr 29, 2011",Fast Five,"$125,000,000","$210,031,325","$630,163,454"
71,"Aug 8, 2014",Teenage Mutant Ninja Turtles,"$125,000,000","$191,204,754","$485,004,754"
72,"Dec 16, 2011",Sherlock Holmes: A Game of Shadows,"$125,000,000","$186,848,418","$535,663,443"
73,"May 28, 2004",The Day After Tomorrow,"$125,000,000","$186,740,799","$556,319,450"
74,"Mar 31, 2017",The Boss Baby,"$125,000,000","$175,003,033","$510,878,762"
75,"Apr 1, 2010",Clash of the Titans,"$125,000,000","$163,214,888","$493,214,888"
76,"Nov 4, 2016",Trolls,"$125,000,000","$153,707,064","$344,150,134"
77,"May 19, 1998",Godzilla,"$125,000,000","$136,314,294","$376,000,000"
78,"Jun 8, 2012",Prometheus,"$125,000,000","$126,477,084","$402,448,265"
79,"Aug 10, 2012",The Bourne Legacy,"$125,000,000","$113,203,870","$280,355,920"
80,"Jun 20, 1997",Batman & Robin,"$125,000,000","$107,325,195","$238,317,814"
81,"Jul 13, 2018",Skyscraper,"$125,000,000","$68,420,120","$304,115,534"
82,"Aug 3, 2012",Total Recall,"$125,000,000","$58,877,969","$211,856,088"
83,"Dec 21, 2016",Assassinâs Creed,"$125,000,000","$54,647,948","$240,759,682"
84,"Jan 13, 2017",Monster Trucks,"$125,000,000","$33,370,166","$61,642,798"
85,"Aug 27, 1999",The 13th Warrior,"$125,000,000","$32,698,899","$61,698,899"
86,"Nov 17, 2000",How the Grinch Stole Christmas,"$123,000,000","$260,044,825","$345,141,403"
87,"May 24, 2000",Mission: Impossible 2,"$120,000,000","$215,409,889","$549,588,516"
88,"Jun 30, 2000",The Perfect Storm,"$120,000,000","$182,618,434","$328,711,434"
89,"Jul 29, 2016",Jason Bourne,"$120,000,000","$162,192,920","$416,168,316"
90,"Jun 15, 2007",Fantastic Four: Rise of the Silver Surfer,"$120,000,000","$131,921,738","$289,480,691"
91,"Nov 21, 2012",Life of Pi,"$120,000,000","$124,987,022","$620,912,003"
92,"Feb 16, 2007",Ghost Rider,"$120,000,000","$115,802,596","$229,545,589"
93,"Apr 13, 2018",Rampage,"$120,000,000","$101,028,233","$428,056,280"
94,"Jun 27, 2003",Charlie's Angels: Full Throttle,"$120,000,000","$100,814,328","$227,200,000"
95,"Aug 9, 2013",Elysium,"$120,000,000","$93,050,117","$286,192,091"
96,"Apr 19, 2013",Oblivion,"$120,000,000","$89,107,235","$287,916,633"
97,"Mar 24, 2017",Power Rangers,"$120,000,000","$85,364,450","$142,531,552"
98,"Jul 19, 2002",Stuart Little 2,"$120,000,000","$64,956,806","$166,000,000"
99,"Feb 12, 2014",RoboCop,"$120,000,000","$58,607,007","$242,981,799"
100,"Jun 11, 2004",The Chronicles of Riddick,"$120,000,000","$57,712,751","$107,212,751"
1,"Aug 7, 2015",Fantastic Four,"$120,000,000","$56,117,548","$167,849,187"
2,"May 9, 2008",Speed Racer,"$120,000,000","$43,945,766","$93,394,462"
3,"Jul 22, 2005",The Island,"$120,000,000","$35,818,913","$163,018,913"
4,"Dec 17, 2010",How Do You Know?,"$120,000,000","$30,212,620","$49,628,177"
5,"Jun 23, 2010",Knight and Day,"$117,000,000","$76,423,035","$258,751,370"
6,"Oct 5, 2018",Venom,"$116,000,000","$213,511,408","$853,628,605"
7,"May 19, 1999",Star Wars Ep. I: The Phantom Menace,"$115,000,000","$474,544,677","$1,027,044,677"
8,"May 19, 2005",Star Wars Ep. III: Revenge of the Sith,"$115,000,000","$380,270,577","$848,998,877"
9,"May 16, 2002",Star Wars Ep. II: Attack of the Clones,"$115,000,000","$310,676,740","$656,695,615"
10,"Nov 2, 2001","Monsters, Inc.","$115,000,000","$289,423,425","$559,757,719"
11,"Jul 26, 2013",The Wolverine,"$115,000,000","$132,556,852","$416,456,852"
12,"Feb 7, 1997",Dante's Peak,"$115,000,000","$67,163,857","$178,200,000"
13,"Apr 22, 2016",The Huntsman: Winterâs War,"$115,000,000","$48,003,015","$165,149,302"
14,"Jun 14, 2002",Windtalkers,"$115,000,000","$40,914,068","$77,628,265"
15,"Jul 4, 2008",AstÃ©rix aux Jeux Olympiques,"$113,500,000","$999,811","$132,999,811"
16,"Dec 25, 2010",Gulliver's Travels,"$112,000,000","$42,779,261","$232,017,848"
17,"Dec 15, 2017",Ferdinand,"$111,000,000","$84,410,380","$289,843,038"
18,"May 18, 2018",Deadpool 2,"$110,000,000","$324,591,735","$786,680,557"
19,"Oct 4, 2013",Gravity,"$110,000,000","$274,092,705","$693,698,673"
20,"Dec 22, 2006",Night at the Museum,"$110,000,000","$250,863,268","$579,446,407"
21,"Jun 10, 2005",Mr. and Mrs. Smith,"$110,000,000","$186,336,279","$486,124,090"
22,"May 29, 2015",San Andreas,"$110,000,000","$155,190,832","$456,258,539"
23,"Jul 29, 2011",The Smurfs,"$110,000,000","$142,614,158","$563,749,323"
24,"Jun 27, 2007",Live Free or Die Hard,"$110,000,000","$134,529,403","$382,288,147"
25,"Mar 20, 2015",The Divergent Series: Insurgent,"$110,000,000","$130,179,072","$295,075,882"
26,"Dec 10, 2004",Ocean's Twelve,"$110,000,000","$125,531,634","$362,989,076"
27,"Dec 19, 1997",Tomorrow Never Dies,"$110,000,000","$125,304,276","$339,504,276"
28,"Jun 28, 2000",The Patriot,"$110,000,000","$113,330,342","$215,300,000"
29,"Mar 7, 2014",300: Rise of an Empire,"$110,000,000","$106,580,051","$330,780,051"
30,"Dec 17, 2004",The Aviator,"$110,000,000","$102,608,827","$208,370,892"
31,"Dec 21, 2016",Passengers,"$110,000,000","$100,014,699","$302,239,672"
32,"Jan 14, 2011",The Green Hornet,"$110,000,000","$98,780,042","$229,155,503"
33,"Sep 30, 2016",Miss Peregrineâs Home for Peculiar Children,"$110,000,000","$87,242,834","$295,986,876"
34,"Oct 7, 2011",Real Steel,"$110,000,000","$85,463,309","$263,880,341"
35,"Jun 14, 2019",Men in Black: International,"$110,000,000","$78,830,589","$250,535,120"
36,"Jun 11, 2010",The A-Team,"$110,000,000","$77,222,099","$177,241,171"
37,"Jul 31, 2013",The Smurfs 2,"$110,000,000","$71,017,784","$348,547,523"
38,"Mar 18, 2016",The Divergent Series: Allegiant,"$110,000,000","$66,184,051","$172,022,517"
39,"Jun 12, 2009",The Taking of Pelham 123,"$110,000,000","$65,452,312","$152,364,370"
40,"Nov 1, 2013",Ender's Game,"$110,000,000","$61,737,191","$127,983,283"
41,"Apr 2, 2004",Home on the Range,"$110,000,000","$50,026,353","$76,482,461"
42,"Jun 13, 1997",Speed 2: Cruise Control,"$110,000,000","$48,097,081","$150,468,000"
43,"May 6, 2005",Kingdom of Heaven,"$110,000,000","$47,398,413","$218,853,353"
44,"Mar 31, 2017",Ghost in the Shell,"$110,000,000","$40,563,557","$167,910,690"
45,"Jun 16, 2004",Around the World in 80 Days,"$110,000,000","$24,004,159","$72,004,159"
46,"Dec 19, 2001",The Lord of the Rings: The Fellowship of the Ring,"$109,000,000","$315,544,750","$887,210,985"
47,"Nov 21, 2003",The Cat in the Hat,"$109,000,000","$101,018,283","$133,818,283"
48,"Dec 25, 2001",Ali,"$109,000,000","$58,183,966","$87,683,966"
49,"Oct 2, 2015",The Martian,"$108,000,000","$228,433,663","$655,271,443"
50,"Nov 23, 2016",Allied,"$106,000,000","$40,098,064","$119,266,661"
51,"Jul 16, 2004","I, Robot","$105,000,000","$144,801,023","$348,629,585"
52,"Dec 17, 1999",Stuart Little,"$105,000,000","$140,015,224","$298,815,224"
53,"Nov 25, 2009",The Princess and the Frog,"$105,000,000","$104,400,899","$270,997,378"
54,"Mar 7, 2008","10,000 B.C.","$105,000,000","$94,784,201","$269,065,678"
55,"Jul 22, 2016",Ice Age: Collision Course,"$105,000,000","$64,063,008","$402,156,682"
56,"Apr 27, 2001",Town & Country,"$105,000,000","$6,712,451","$10,364,769"
57,"Sep 22, 2017",Kingsman: The Golden Circle,"$104,000,000","$100,234,838","$408,803,696"
58,"Jun 9, 2000",Gone in 60 Seconds,"$103,300,000","$101,643,008","$232,643,008"
59,"May 5, 2000",Gladiator,"$103,000,000","$187,683,805","$457,683,805"
60,"May 23, 2013",The Hangover 3,"$103,000,000","$112,200,072","$362,000,072"
61,"Mar 9, 2018",A Wrinkle in Time,"$103,000,000","$100,478,608","$133,401,882"
62,"Jul 1, 2009",Public Enemies,"$102,500,000","$97,104,620","$212,282,709"
63,"Nov 17, 2006",Casino Royale,"$102,000,000","$167,365,000","$594,420,283"
64,"Jun 21, 2002",Minority Report,"$102,000,000","$132,024,714","$358,824,714"
65,"Dec 21, 2018",Bumblebee,"$102,000,000","$127,195,589","$465,195,589"
66,"Oct 26, 2012",Cloud Atlas,"$102,000,000","$27,108,272","$130,673,154"
67,"Nov 15, 2002",Harry Potter and the Chamber of Secrets,"$100,000,000","$262,233,381","$879,225,135"
68,"Jul 2, 1991",Terminator 2: Judgment Day,"$100,000,000","$203,464,105","$515,419,827"
69,"Jun 16, 1995",Batman Forever,"$100,000,000","$184,031,112","$336,529,144"
70,"Jul 27, 2001",Planet of the Apes,"$100,000,000","$180,011,740","$362,211,740"
71,"Nov 19, 2004",National Treasure,"$100,000,000","$173,005,002","$331,323,410"
72,"Dec 25, 2012",Django Unchained,"$100,000,000","$162,805,434","$449,948,323"
73,"Dec 22, 2010",Little Fockers,"$100,000,000","$148,438,600","$310,650,574"
74,"Jul 15, 1994",True Lies,"$100,000,000","$146,282,411","$365,300,000"
75,"Nov 2, 2007",American Gangster,"$100,000,000","$130,164,645","$267,985,456"
76,"Sep 18, 2009",Cloudy with a Chance of Meatballs,"$100,000,000","$124,870,275","$236,827,677"
77,"Aug 6, 2010",The Other Guys,"$100,000,000","$119,219,978","$170,936,470"
78,"Dec 17, 2004",Lemony Snicket's A Series of Unfortunate Events,"$100,000,000","$118,627,117","$212,956,024"
79,"Dec 25, 2013",The Wolf of Wall Street,"$100,000,000","$116,900,694","$389,870,414"
80,"May 24, 2013",Epic,"$100,000,000","$107,518,682","$262,794,441"
81,"Jun 21, 1996",Eraser,"$100,000,000","$101,295,562","$234,400,000"
82,"Jun 21, 1996",The Hunchback of Notre Dame,"$100,000,000","$100,138,851","$325,500,000"
83,"Dec 15, 2000",The Emperor's New Groove,"$100,000,000","$89,296,573","$169,296,573"
84,"Aug 17, 2012",The Expendables 2,"$100,000,000","$85,028,192","$311,979,256"
85,"Oct 16, 2009",Where the Wild Things Are,"$100,000,000","$77,233,467","$99,123,656"
86,"Dec 15, 2006",Eragon,"$100,000,000","$75,030,163","$249,488,115"
87,"Jul 25, 2014",Hercules,"$100,000,000","$72,688,614","$243,388,614"
88,"Dec 10, 2010",The Tourist,"$100,000,000","$67,631,157","$278,731,369"
89,"Nov 24, 1999",End of Days,"$100,000,000","$66,889,043","$212,026,975"
90,"Jun 11, 2004",The Stepford Wives,"$100,000,000","$59,475,623","$96,221,971"
91,"Jun 8, 2007",Surf's Up,"$100,000,000","$58,867,694","$145,395,745"
92,"Dec 8, 2006",Blood Diamond,"$100,000,000","$57,377,916","$171,377,916"
93,"Sep 24, 2010",Legend of the Guardians: The Owls of Ga'Hoole,"$100,000,000","$55,675,313","$139,716,717"
94,"Nov 7, 1997",Starship Troopers,"$100,000,000","$54,768,952","$121,100,000"
95,"Jun 5, 2009",Land of the Lost,"$100,000,000","$49,438,370","$69,548,641"
96,"Dec 25, 2003",Peter Pan,"$100,000,000","$48,417,850","$95,255,485"
97,"Mar 15, 2019",Wonder Park,"$100,000,000","$45,216,793","$115,130,648"
98,"Jul 23, 2004",Catwoman,"$100,000,000","$40,202,379","$82,145,379"
99,"Aug 15, 2014",The Expendables 3,"$100,000,000","$39,322,544","$209,461,378"
100,"Nov 27, 2002",Treasure Planet,"$100,000,000","$38,120,554","$91,800,000"
1,"Mar 12, 2010",Green Zone,"$100,000,000","$35,497,337","$97,523,020"
2,"Oct 20, 2017",Geostorm,"$100,000,000","$33,700,160","$220,796,009"
3,"Dec 25, 2015",Point Break,"$100,000,000","$28,782,481","$126,704,591"
4,"Dec 11, 2015",In the Heart of the Sea,"$100,000,000","$25,020,758","$89,693,309"
5,"Apr 18, 2014",Transcendence,"$100,000,000","$23,022,309","$103,039,258"
6,"Feb 18, 2005",Son of the Mask,"$100,000,000","$17,018,422","$59,918,422"
7,"Dec 14, 2018",Mortal Engines,"$100,000,000","$15,951,040","$85,287,417"
8,"Aug 16, 2002",The Adventures of Pluto Nash,"$100,000,000","$4,411,102","$7,094,995"
9,"Jan 20, 2012",Jin lÃ­ng shÃ­ san chai,"$100,000,000","$311,434","$98,227,017"
10,"Nov 6, 2015",The Peanuts Movie,"$99,000,000","$130,178,411","$250,091,610"
11,"Feb 8, 2019",The LEGO Movie 2: The Second Part,"$99,000,000","$105,806,508","$190,209,817"
12,"Nov 21, 2018",Robin Hood,"$99,000,000","$30,824,628","$84,747,441"
13,"May 4, 2001",The Mummy Returns,"$98,000,000","$202,007,640","$435,040,395"
14,"Dec 20, 2002",Gangs of New York,"$97,000,000","$77,730,500","$183,124,621"
15,"May 19, 2017",Alien: Covenant,"$97,000,000","$74,262,031","$238,521,247"
16,"Mar 13, 2015",Cinderella,"$95,000,000","$201,151,353","$534,551,353"
17,"Jul 13, 2012",Ice Age: Continental Drift,"$95,000,000","$161,321,843","$879,765,137"
18,"Dec 28, 2001",Black Hawk Down,"$95,000,000","$108,638,745","$159,691,085"
19,"May 27, 2010",Sex and the City 2,"$95,000,000","$95,347,692","$294,680,778"
20,"Feb 12, 2010",Percy Jackson & the Olympians: The Lightning Thief,"$95,000,000","$88,768,303","$223,050,874"
21,"Aug 10, 2012",The Campaign,"$95,000,000","$86,907,746","$104,907,746"
22,"Nov 12, 2010",Unstoppable,"$95,000,000","$81,562,942","$165,720,921"
23,"May 9, 1997",The Fifth Element,"$95,000,000","$63,570,862","$263,898,761"
24,"Mar 31, 2000",The Road to El Dorado,"$95,000,000","$50,802,661","$65,700,000"
25,"Dec 11, 2009",The Lovely Bones,"$95,000,000","$44,114,232","$94,894,448"
26,"Aug 19, 2016",Ben-Hur,"$95,000,000","$26,410,477","$91,669,648"
27,"Feb 6, 2015",Seventh Son,"$95,000,000","$17,725,785","$108,874,967"
28,"May 30, 2003",Finding Nemo,"$94,000,000","$380,529,370","$936,429,370"
29,"Dec 17, 2003",The Lord of the Rings: The Return of the King,"$94,000,000","$377,845,905","$1,141,403,341"
30,"Dec 18, 2002",The Lord of the Rings: The Two Towers,"$94,000,000","$342,548,984","$934,699,645"
31,"Jun 15, 2001",Lara Croft: Tomb Raider,"$94,000,000","$131,144,183","$273,330,185"
32,"Feb 13, 2015",Kingsman: The Secret Service,"$94,000,000","$128,261,724","$404,561,724"
33,"Jul 18, 2001",Jurassic Park III,"$93,000,000","$181,166,115","$365,900,000"
34,"Aug 5, 2011",Rise of the Planet of the Apes,"$93,000,000","$176,760,185","$470,986,200"
35,"Feb 14, 2008",The Spiderwick Chronicles,"$92,500,000","$71,195,053","$162,839,667"
36,"Nov 5, 2004",The Incredibles,"$92,000,000","$261,441,092","$614,726,752"
37,"Feb 14, 2013",A Good Day to Die Hard,"$92,000,000","$67,349,198","$304,249,198"
38,"Apr 9, 2004",The Alamo,"$92,000,000","$22,406,362","$23,911,362"
39,"Dec 22, 1995",Cutthroat Island,"$92,000,000","$10,017,322","$18,517,322"
40,"Dec 25, 2013",The Secret Life of Walter Mitty,"$91,000,000","$58,236,838","$187,861,183"
41,"Dec 20, 2017",Jumanji: Welcome to the Jungle,"$90,000,000","$404,508,916","$964,496,193"
42,"Jul 1, 1997",Men in Black,"$90,000,000","$250,690,539","$587,790,539"
43,"Nov 19, 1999",Toy Story 2,"$90,000,000","$245,852,179","$511,358,276"
44,"Aug 3, 2001",Rush Hour 2,"$90,000,000","$226,164,286","$347,425,832"
45,"Dec 25, 2009",Sherlock Holmes,"$90,000,000","$209,028,679","$498,438,212"
46,"Jul 1, 2009",Ice Age: Dawn of the Dinosaurs,"$90,000,000","$196,573,705","$859,701,857"
47,"Dec 14, 2018",Spider-Man: Into The Spider-Verse 3D,"$90,000,000","$190,173,195","$375,380,731"
48,"Jul 21, 2000",What Lies Beneath,"$90,000,000","$155,464,351","$288,693,989"
49,"Apr 15, 2011",Rio,"$90,000,000","$143,619,809","$487,519,809"
50,"Oct 6, 2006",The Departed,"$90,000,000","$132,384,315","$289,660,619"
51,"Nov 3, 2000",Charlie's Angels,"$90,000,000","$125,305,545","$259,736,090"
52,"Jun 19, 1998",Mulan,"$90,000,000","$120,620,254","$303,500,000"
53,"Aug 13, 2008",Tropic Thunder,"$90,000,000","$110,515,313","$191,145,256"
54,"Dec 20, 2011",The Girl with the Dragon Tattoo,"$90,000,000","$102,515,793","$239,373,970"
55,"Jul 11, 1997",Contact,"$90,000,000","$100,920,329","$165,900,000"
56,"Jun 6, 2008",You Don't Mess With the Zohan,"$90,000,000","$100,018,837","$202,910,991"
57,"May 19, 1995",Die Hard: With a Vengeance,"$90,000,000","$100,012,499","$366,101,666"
58,"Sep 23, 2016",The Magnificent Seven,"$90,000,000","$93,432,655","$162,525,156"
59,"Dec 18, 2015",Alvin and the Chipmunks: The Road Chip,"$90,000,000","$85,886,987","$249,517,956"
60,"Jun 8, 2001",Atlantis: The Lost Empire,"$90,000,000","$84,052,762","$186,049,020"
61,"Dec 25, 2008",Valkyrie,"$90,000,000","$83,107,829","$203,932,174"
62,"Jul 24, 2015",Pixels,"$90,000,000","$78,765,986","$244,041,804"
63,"Jun 29, 2001",Artificial Intelligence: AI,"$90,000,000","$78,616,689","$235,900,000"
64,"Nov 26, 2003",The Haunted Mansion,"$90,000,000","$75,817,994","$155,750,628"
65,"Aug 4, 2000",Hollow Man,"$90,000,000","$73,209,340","$191,200,000"
66,"Apr 22, 2005",The Interpreter,"$90,000,000","$72,708,161","$162,753,837"
67,"Aug 7, 2013",Percy Jackson: Sea of Monsters,"$90,000,000","$68,559,554","$200,859,554"
68,"Jul 25, 2003",Lara Croft: Tomb Raider: The Cradle of Life,"$90,000,000","$65,653,758","$157,092,943"
69,"Jun 10, 2016",Now You See Me 2,"$90,000,000","$65,075,540","$328,325,007"
70,"Nov 21, 2001",Spy Game,"$90,000,000","$62,362,560","$143,049,560"
71,"Apr 4, 1997",The Saint,"$90,000,000","$61,363,304","$169,400,000"
72,"Mar 10, 2000",Mission to Mars,"$90,000,000","$60,874,615","$106,000,000"
73,"Mar 16, 2018",Tomb Raider,"$90,000,000","$58,250,803","$273,477,501"
74,"Dec 17, 1999",Bicentennial Man,"$90,000,000","$58,220,776","$87,420,776"
75,"Jul 7, 2004",King Arthur,"$90,000,000","$51,877,963","$203,877,963"
76,"Apr 25, 1997",Volcano,"$90,000,000","$47,546,796","$120,100,000"
77,"Mar 26, 1997",The Devil's Own,"$90,000,000","$42,885,593","$140,900,000"
78,"Jul 26, 2019",Once Upon a Timeâ¦in Hollywood,"$90,000,000","$41,082,018","$41,082,018"
79,"Jul 19, 2002",K-19: The Widowmaker,"$90,000,000","$35,168,966","$65,716,126"
80,"Aug 19, 2011",Conan the Barbarian,"$90,000,000","$21,295,021","$63,356,133"
81,"Oct 21, 2011",The Three Musketeers,"$90,000,000","$20,377,913","$139,877,913"
82,"Apr 21, 2017",The Promise,"$90,000,000","$8,224,288","$10,551,417"
83,"Nov 24, 2010",The Nutcracker in 3D,"$90,000,000","$195,459","$20,466,016"
84,"Dec 13, 2017",Bright,"$90,000,000",$0,$0
85,"Dec 31, 2019",Army of the Dead,"$90,000,000",$0,$0
86,"May 10, 1996",Twister,"$88,000,000","$241,688,385","$495,700,000"
87,"Jun 3, 2005",Cinderella Man,"$88,000,000","$61,649,911","$105,021,488"
88,"Sep 14, 2018",The Predator,"$88,000,000","$51,024,708","$159,487,563"
89,"Jul 8, 2005",Fantastic Four,"$87,500,000","$154,696,080","$333,132,750"
90,"Feb 9, 2001",Hannibal,"$87,000,000","$165,092,266","$350,100,280"
91,"Jul 25, 2003",Seabiscuit,"$86,000,000","$120,277,854","$148,715,342"
92,"Dec 22, 2000",Cast Away,"$85,000,000","$233,632,142","$427,230,516"
93,"Nov 17, 2006",Happy Feet,"$85,000,000","$198,000,317","$385,000,317"
94,"Dec 7, 2001",Ocean's Eleven,"$85,000,000","$183,417,150","$450,728,529"
95,"Jul 23, 2004",The Bourne Supremacy,"$85,000,000","$176,087,450","$311,001,124"
96,"Jul 25, 1997",Air Force One,"$85,000,000","$172,956,409","$315,268,353"
97,"Apr 3, 2009",Fast & Furious,"$85,000,000","$155,064,265","$363,064,265"
98,"Mar 14, 2008",Horton Hears a Who,"$85,000,000","$154,529,439","$299,477,886"
99,"Mar 21, 2014",Divergent,"$85,000,000","$150,947,895","$276,014,965"
100,"Sep 28, 2012",Hotel Transylvania,"$85,000,000","$148,313,048","$378,505,812"
1,"Apr 5, 2019",Shazam!,"$85,000,000","$140,371,656","$363,664,533"
2,"Nov 21, 2007",Enchanted,"$85,000,000","$127,706,877","$340,384,141"
3,"Feb 10, 2012",Safe House,"$85,000,000","$126,181,630","$208,542,162"
4,"Jul 20, 2007",I Now Pronounce You Chuck and Larry,"$85,000,000","$119,725,280","$185,708,462"
5,"Jun 8, 2007",Ocean's Thirteen,"$85,000,000","$117,144,465","$311,744,465"
6,"Dec 25, 2009",Itâs Complicated,"$85,000,000","$112,735,375","$224,614,744"
7,"Nov 20, 1998",Enemy of the State,"$85,000,000","$111,549,836","$250,649,836"
8,"Sep 29, 2006",Open Season,"$85,000,000","$85,105,259","$191,932,158"
9,"Nov 4, 2011",Tower Heist,"$85,000,000","$78,046,570","$150,422,946"
10,"Nov 22, 2000",102 Dalmatians,"$85,000,000","$66,941,559","$66,941,559"
11,"Mar 30, 2012",Mirror Mirror,"$85,000,000","$64,935,167","$173,613,482"
12,"Dec 8, 2006",The Holiday,"$85,000,000","$63,280,000","$205,190,324"
13,"Jun 16, 2006",The Fast and the Furious: Tokyo Drift,"$85,000,000","$62,615,510","$157,794,205"
14,"Dec 9, 2005",Memoirs of a Geisha,"$85,000,000","$57,010,853","$161,510,853"
15,"Mar 16, 2001",Enemy at the Gates,"$85,000,000","$51,396,781","$96,971,293"
16,"Jun 18, 1993",Last Action Hero,"$85,000,000","$50,016,394","$137,298,489"
17,"Sep 26, 2003",The Rundown,"$85,000,000","$47,641,743","$80,831,893"
18,"Nov 23, 2011",Arthur Christmas,"$85,000,000","$46,462,469","$149,717,124"
19,"Jan 20, 2017",xXx: Return of Xander Cage,"$85,000,000","$44,898,413","$345,033,359"
20,"Nov 13, 1998",Meet Joe Black,"$85,000,000","$44,650,003","$44,650,003"
21,"Jul 30, 2010",Cats & Dogs: The Revenge of Kitty Galore,"$85,000,000","$43,585,753","$113,026,383"
22,"Feb 8, 2002",Collateral Damage,"$85,000,000","$40,048,332","$78,353,508"
23,"Mar 15, 2002",Showtime,"$85,000,000","$37,948,765","$78,948,765"
24,"Jun 30, 1995",Judge Dredd,"$85,000,000","$34,687,912","$113,487,912"
25,"Mar 2, 2007",Zodiac,"$85,000,000","$33,080,084","$83,080,084"
26,"Aug 13, 2010",Scott Pilgrim vs. The World,"$85,000,000","$31,611,316","$48,056,764"
27,"Mar 28, 2003",The Core,"$85,000,000","$31,111,260","$74,120,792"
28,"May 9, 1997",Father's Day,"$85,000,000","$28,681,080","$35,681,080"
29,"Dec 20, 2017",The Greatest Showman,"$84,000,000","$174,340,174","$386,665,550"
30,"Jun 14, 2002",Scooby-Doo,"$84,000,000","$153,294,164","$276,294,164"
31,"Jul 28, 2000",Nutty Professor II: The Klumps,"$84,000,000","$123,307,945","$166,307,945"
32,"Jul 19, 2013",RED 2,"$84,000,000","$53,262,560","$141,507,355"
33,"Jun 23, 2006",Click,"$82,500,000","$137,355,633","$237,685,089"
34,"Dec 15, 2006",Charlotte's Web,"$82,500,000","$82,985,708","$143,985,708"
35,"Feb 14, 2008",Jumper,"$82,500,000","$80,172,128","$222,640,812"
36,"Jul 11, 2008",Hellboy II: The Golden Army,"$82,500,000","$75,986,503","$160,388,063"
37,"May 27, 2005",The Longest Yard,"$82,000,000","$158,119,460","$191,558,505"
38,"Aug 13, 2010",The Expendables,"$82,000,000","$103,068,524","$268,268,174"
39,"Nov 17, 2000",The 6th Day,"$82,000,000","$34,543,701","$96,024,898"
40,"Feb 21, 2020",Call of the Wild,"$82,000,000",$0,$0
41,"May 23, 2003",Bruce Almighty,"$81,000,000","$242,704,995","$484,468,608"
42,"Mar 23, 2012",The Hunger Games,"$80,000,000","$408,010,692","$677,923,379"
43,"May 26, 2011",The Hangover Part II,"$80,000,000","$254,464,305","$586,464,305"
44,"May 21, 1996",Mission: Impossible,"$80,000,000","$180,981,886","$457,697,994"
45,"Feb 10, 2017",The Lego Batman Movie,"$80,000,000","$175,750,384","$310,660,018"
46,"Sep 25, 2015",Hotel Transylvania 2,"$80,000,000","$169,700,110","$469,500,298"
47,"Jun 18, 1992",Batman Returns,"$80,000,000","$162,833,635","$266,824,291"
48,"May 7, 1999",The Mummy,"$80,000,000","$155,385,488","$416,385,488"
49,"May 19, 2006",Over the Hedge,"$80,000,000","$155,019,340","$343,397,247"
50,"Jun 7, 2019",The Secret Life of Pets 2,"$80,000,000","$153,728,180","$332,028,180"
51,"Jun 21, 2002",Lilo & Stitch,"$80,000,000","$145,771,527","$245,800,000"
52,"May 8, 1998",Deep Impact,"$80,000,000","$140,464,664","$349,464,664"
53,"Jul 12, 2013",Grown Ups 2,"$80,000,000","$133,668,525","$247,023,808"
54,"Dec 16, 2011",Alvin and the Chipmunks: Chipwrecked,"$80,000,000","$133,107,389","$349,088,523"
55,"Jun 20, 2008",Get Smart,"$80,000,000","$130,319,208","$226,739,416"
56,"Mar 11, 2005",Robots,"$80,000,000","$128,200,012","$260,700,012"
57,"Feb 19, 2010",Shutter Island,"$80,000,000","$128,012,934","$299,461,782"
58,"Dec 12, 2003",Something's Gotta Give,"$80,000,000","$124,685,242","$266,685,242"
59,"Nov 26, 2008",Four Christmases,"$80,000,000","$120,146,040","$168,311,558"
60,"Jun 27, 1997",Face/Off,"$80,000,000","$112,276,146","$241,200,000"
61,"Dec 25, 2008",Bedtime Stories,"$80,000,000","$110,101,975","$221,468,935"
62,"Jul 12, 2002",Road to Perdition,"$80,000,000","$104,054,514","$183,354,514"
63,"Feb 11, 2011",Just Go With It,"$80,000,000","$103,028,109","$214,974,953"
64,"Feb 14, 2003",Daredevil,"$80,000,000","$102,543,518","$182,782,518"
65,"Sep 26, 2008",Eagle Eye,"$80,000,000","$101,440,743","$180,585,259"
66,"Jun 6, 1997",Con Air,"$80,000,000","$101,117,573","$224,117,573"
67,"Dec 17, 2010",Yogi Bear,"$80,000,000","$100,246,011","$204,774,690"
68,"Dec 25, 2003",Cold Mountain,"$80,000,000","$95,632,614","$165,173,909"
69,"Jan 15, 2010",The Book of Eli,"$80,000,000","$94,835,059","$158,750,817"
70,"Nov 26, 1997",Flubber,"$80,000,000","$92,993,801","$177,993,801"
71,"Jul 23, 1999",The Haunting,"$80,000,000","$91,188,905","$180,188,905"
72,"Nov 15, 1996",Space Jam,"$80,000,000","$90,463,534","$250,200,000"
73,"Oct 17, 2014",Fury,"$80,000,000","$85,817,906","$210,315,681"
74,"Sep 28, 2018",Smallfoot,"$80,000,000","$83,240,103","$213,686,569"
75,"Feb 10, 2006",The Pink Panther,"$80,000,000","$82,226,474","$158,926,474"
76,"Jul 8, 2011",Zookeeper,"$80,000,000","$80,360,866","$170,805,525"
77,"Dec 12, 2008",The Day the Earth Stood Still,"$80,000,000","$79,366,978","$237,370,350"
78,"Aug 8, 1997",Conspiracy Theory,"$80,000,000","$76,118,990","$142,783,718"
79,"Jun 12, 1998","Six Days, Seven Nights","$80,000,000","$74,339,294","$164,800,000"
80,"May 24, 2002",Spirit: Stallion of the Cimarron,"$80,000,000","$73,215,310","$106,515,310"
81,"Jun 8, 2001",Swordfish,"$80,000,000","$69,772,969","$147,080,413"
82,"Dec 31, 1999",Fantasia 2000 (Theatrical Release),"$80,000,000","$69,610,858","$69,618,634"
83,"Apr 3, 1998",Lost In Space,"$80,000,000","$69,117,629","$136,047,317"
84,"Jul 30, 2004",The Manchurian Candidate,"$80,000,000","$65,948,711","$96,148,711"
85,"Nov 22, 2006",DÃ©jÃ Vu,"$80,000,000","$64,038,616","$181,038,616"
86,"Jun 24, 2005",Bewitched,"$80,000,000","$63,313,159","$131,159,306"
87,"Mar 8, 2002",The Time Machine,"$80,000,000","$56,684,819","$98,983,590"
88,"Oct 2, 1998",What Dreams May Come,"$80,000,000","$55,485,043","$71,485,043"
89,"Dec 25, 1998",Mighty Joe Young,"$80,000,000","$50,632,037","$50,632,037"
90,"Oct 28, 2005",The Legend of Zorro,"$80,000,000","$45,575,336","$141,475,336"
91,"Nov 10, 2000",Little Nicky,"$80,000,000","$39,442,871","$58,270,391"
92,"Sep 25, 2009",Surrogates,"$80,000,000","$38,577,772","$119,668,350"
93,"Jun 8, 2001",Evolution,"$80,000,000","$38,311,134","$98,341,932"
94,"Aug 26, 2005",The Brothers Grimm,"$80,000,000","$37,899,638","$105,299,638"
95,"Dec 13, 1996",Mars Attacks!,"$80,000,000","$37,771,017","$101,371,017"
96,"Apr 14, 2006",The Wild,"$80,000,000","$37,384,046","$99,010,667"
97,"Dec 20, 2013",Walking with Dinosaurs,"$80,000,000","$36,076,121","$123,368,842"
98,"Dec 22, 2000",Thirteen Days,"$80,000,000","$34,566,746","$66,554,547"
99,"Dec 6, 1996",Daylight,"$80,000,000","$32,908,290","$158,908,290"
100,"Oct 23, 2015",The Last Witch Hunter,"$80,000,000","$27,367,660","$130,818,912"
1,"Feb 21, 2014",Pompeii,"$80,000,000","$23,169,033","$108,469,033"
2,"May 12, 2000",Battlefield Earth: A Saga of the Year 3000,"$80,000,000","$21,471,685","$29,725,663"
3,"Nov 14, 2003",Looney Tunes: Back in Action,"$80,000,000","$20,950,820","$54,540,662"
4,"Dec 18, 2009",Nine,"$80,000,000","$19,676,965","$53,508,858"
5,"Nov 26, 2003",Timeline,"$80,000,000","$19,480,739","$26,703,184"
6,"Apr 22, 2010",Oceans,"$80,000,000","$19,422,319","$86,787,530"
7,"Nov 25, 1998",Babe: Pig in the City,"$80,000,000","$18,319,860","$69,131,860"
8,"Dec 25, 1997",The Postman,"$80,000,000","$17,650,704","$20,841,123"
9,"Nov 10, 2000",Red Planet,"$80,000,000","$17,480,890","$33,463,969"
10,"Jan 12, 2007",Arthur et les Minimoys,"$80,000,000","$15,132,763","$113,325,743"
11,"Aug 17, 2007",The Invasion,"$80,000,000","$15,074,191","$40,147,042"
12,"Sep 2, 2005",A Sound of Thunder,"$80,000,000","$1,900,451","$6,300,451"
13,"Jun 15, 1994",The Lion King,"$79,300,000","$421,785,283","$986,214,868"
14,"Feb 10, 2012",Journey 2: The Mysterious Island,"$79,000,000","$103,860,290","$318,146,162"
15,"Nov 11, 2011",Jack and Jill,"$79,000,000","$74,158,157","$150,519,217"
16,"Dec 21, 2001",A Beautiful Mind,"$78,000,000","$170,708,996","$317,668,058"
17,"Sep 27, 2013",Cloudy with a Chance of Meatballs 2,"$78,000,000","$119,793,567","$274,392,649"
18,"Oct 4, 2002",Red Dragon,"$78,000,000","$92,955,420","$206,455,420"
19,"Mar 5, 2004",Hidalgo,"$78,000,000","$67,286,731","$108,086,731"
20,"Jul 11, 2003",The League of Extraordinary Gentlemen,"$78,000,000","$66,465,204","$179,265,204"
21,"Aug 20, 2004",Exorcist: The Beginning,"$78,000,000","$41,814,863","$43,957,541"
22,"Dec 31, 2012",AstÃ©rix et ObÃ©lix: Au service de Sa MajestÃ©,"$77,600,000",$0,"$60,680,125"
23,"Feb 12, 2016",The Little Prince,"$77,500,000","$1,311,213","$102,028,919"
24,"Jan 22, 2019",Renegades,"$77,500,000",$0,"$1,521,672"
25,"Jul 20, 2018",The Equalizer 2,"$77,000,000","$102,084,362","$190,453,132"
26,"Jul 3, 2013",Despicable Me 2,"$76,000,000","$368,065,385","$975,216,835"
27,"Jun 6, 2003",2 Fast 2 Furious,"$76,000,000","$127,120,058","$236,410,607"
28,"Dec 25, 2006",Children of Men,"$76,000,000","$35,552,383","$69,845,011"
29,"Jun 30, 2000",The Adventures of Rocky & Bullwinkle,"$76,000,000","$26,000,610","$35,129,610"
30,"Jul 8, 2016",The Secret Life of Pets,"$75,000,000","$368,384,330","$886,614,798"
31,"Jul 2, 1996",Independence Day,"$75,000,000","$306,169,255","$817,400,878"
32,"Nov 9, 2018",Dr. Seussâ The Grinch,"$75,000,000","$270,620,950","$511,006,399"
33,"Dec 21, 2016",Sing,"$75,000,000","$270,329,045","$634,454,789"
34,"Jun 30, 2017",Despicable Me 3,"$75,000,000","$264,624,300","$1,034,727,750"
35,"May 22, 1997",The Lost World: Jurassic Park,"$75,000,000","$229,086,679","$618,638,999"
36,"Mar 31, 2006",Ice Age: The Meltdown,"$75,000,000","$195,330,621","$651,899,282"
37,"May 27, 2005",Madagascar,"$75,000,000","$193,595,521","$556,559,566"
38,"Jun 25, 2010",Grown Ups,"$75,000,000","$162,001,186","$272,223,430"
39,"Oct 1, 2004",Shark Tale,"$75,000,000","$161,412,000","$371,917,043"
40,"Jul 14, 2000",X-Men,"$75,000,000","$157,299,717","$296,872,367"
41,"Jun 27, 2008",Wanted,"$75,000,000","$134,508,551","$342,416,460"
42,"Jun 7, 1996",The Rock,"$75,000,000","$134,069,511","$336,069,511"
43,"Feb 13, 2004",50 First Dates,"$75,000,000","$120,776,832","$196,320,329"
44,"Jul 20, 2007",Hairspray,"$75,000,000","$118,871,849","$203,035,572"
45,"May 31, 2013",Now You See Me,"$75,000,000","$117,723,989","$342,769,200"
46,"Dec 15, 2006",Dreamgirls,"$75,000,000","$103,365,956","$155,708,695"
47,"Aug 3, 2018",Christopher Robin,"$75,000,000","$99,215,042","$197,504,758"
48,"Jul 23, 1999",Inspector Gadget,"$75,000,000","$97,387,965","$97,387,965"
49,"Nov 11, 2011",Immortals,"$75,000,000","$83,504,017","$211,562,435"
50,"Jun 18, 2004",The Terminal,"$75,000,000","$77,073,959","$218,673,959"
51,"Feb 18, 2005",Constantine,"$75,000,000","$75,976,178","$221,594,911"
52,"Jul 21, 2006",Monster House,"$75,000,000","$73,661,010","$141,267,370"
53,"Dec 8, 2000",Vertical Limit,"$75,000,000","$68,473,360","$213,500,000"
54,"Dec 21, 2007",Charlie Wilson's War,"$75,000,000","$66,661,095","$119,512,771"
55,"Apr 16, 1999",Life,"$75,000,000","$64,062,587","$73,521,587"
56,"Mar 4, 2005",Be Cool,"$75,000,000","$55,849,401","$94,944,017"
57,"Dec 23, 2005",Munich,"$75,000,000","$47,379,090","$131,492,772"
58,"Jun 4, 2010",Killers,"$75,000,000","$47,059,963","$95,572,749"
59,"Aug 14, 2015",The Man From U.N.C.L.E.,"$75,000,000","$45,445,109","$104,949,584"
60,"Mar 7, 2003",Tears of the Sun,"$75,000,000","$43,632,458","$85,632,458"
61,"Jul 21, 2006",Lady in the Water,"$75,000,000","$42,285,169","$72,785,169"
62,"Dec 17, 2004",Spanglish,"$75,000,000","$42,044,321","$54,344,321"
63,"Oct 12, 2001",Bandits,"$75,000,000","$41,523,271","$71,523,271"
64,"Dec 17, 1999",Anna and the King,"$75,000,000","$39,251,128","$39,251,128"
65,"Jul 7, 1995",First Knight,"$75,000,000","$37,361,412","$127,361,412"
66,"Mar 25, 2011",Sucker Punch,"$75,000,000","$36,392,502","$89,758,389"
67,"Mar 11, 2005",Hostage,"$75,000,000","$34,636,443","$77,636,443"
68,"Oct 28, 2016",Inferno,"$75,000,000","$34,343,574","$219,519,367"
69,"Jun 13, 2003",Hollywood Homicide,"$75,000,000","$30,207,785","$50,409,753"
70,"Jun 16, 2000",Titan A.E.,"$75,000,000","$22,751,979","$36,751,979"
71,"Dec 17, 2004",Flight of the Phoenix,"$75,000,000","$21,009,180","$34,009,180"
72,"Oct 23, 1998",Soldier,"$75,000,000","$14,623,082","$14,623,082"
73,"Jan 15, 1999",Virus,"$75,000,000","$14,010,690","$30,626,690"
74,"Feb 23, 2001",Monkeybone,"$75,000,000","$5,409,517","$5,409,517"
75,"Aug 30, 2019",PLAYMOBIL,"$75,000,000",$0,$0
76,"Dec 31, 2020",355,"$75,000,000",$0,$0
77,"Jul 10, 2015",Minions,"$74,000,000","$336,045,770","$1,160,336,173"
78,"Feb 6, 2015",The SpongeBob Movie: Sponge Out of Water,"$74,000,000","$162,994,032","$311,013,181"
79,"Nov 22, 2000",Unbreakable,"$73,243,106","$94,999,143","$248,099,143"
80,"Aug 4, 2006",Talladega Nights: The Ballad of Ricky Bobby,"$73,000,000","$148,213,377","$162,870,525"
81,"May 20, 2016",The Angry Birds Movie,"$73,000,000","$107,509,366","$352,327,887"
82,"Aug 7, 1998",Snake Eyes,"$73,000,000","$55,591,409","$103,891,409"
83,"Feb 13, 1998",Sphere,"$73,000,000","$37,068,294","$50,168,294"
84,"Jul 27, 2007",The Simpsons Movie,"$72,500,000","$183,135,014","$527,071,022"
85,"Feb 8, 2008",Fool's Gold,"$72,500,000","$70,231,041","$109,362,966"
86,"Jul 31, 2009",Funny People,"$72,500,000","$51,855,045","$71,880,305"
87,"Sep 28, 2007",The Kingdom,"$72,500,000","$47,467,250","$86,802,457"
88,"Jun 22, 2001",Dr. Dolittle 2,"$72,000,000","$112,950,721","$176,101,721"
89,"May 24, 1995",Braveheart,"$72,000,000","$75,545,647","$209,045,244"
90,"Nov 4, 2005",Jarhead,"$72,000,000","$62,647,540","$96,947,540"
91,"Apr 27, 2001",Driven,"$72,000,000","$32,616,869","$54,616,869"
92,"Dec 21, 2001",The Majestic,"$72,000,000","$27,796,042","$37,306,334"
93,"Jun 25, 2004",Two Brothers,"$72,000,000","$19,176,754","$62,176,754"
94,"Jul 30, 2004",The Village,"$71,682,975","$114,197,520","$257,641,634"
95,"Jun 26, 1998",Doctor Dolittle,"$71,500,000","$144,156,605","$294,156,605"
96,"Aug 2, 2002",Signs,"$70,702,619","$227,969,295","$408,269,295"
97,"May 19, 2004",Shrek 2,"$70,000,000","$441,226,247","$937,008,132"
98,"Jun 9, 2006",Cars,"$70,000,000","$244,082,982","$461,651,246"
99,"Dec 23, 2009",Alvin and the Chipmunks: The Squeakquel,"$70,000,000","$219,614,612","$443,483,213"
100,"Jun 22, 1988",Who Framed Roger Rabbit?,"$70,000,000","$154,112,492","$351,500,000"
1,"Jul 30, 1999",Runaway Bride,"$70,000,000","$152,257,509","$310,138,178"
2,"Aug 9, 2002",xXx,"$70,000,000","$141,930,000","$267,200,000"
3,"Jun 8, 2018",Oceanâs 8,"$70,000,000","$140,218,711","$297,115,976"
4,"Nov 8, 1996",Ransom,"$70,000,000","$136,492,681","$308,700,000"
5,"Aug 21, 2009",Inglourious Basterds,"$70,000,000","$120,774,594","$316,915,264"
6,"Dec 11, 1991",Hook,"$70,000,000","$119,654,823","$300,854,823"
7,"Jul 3, 1990",Die Hard 2,"$70,000,000","$117,323,878","$239,814,025"
8,"Aug 8, 2003",S.W.A.T.,"$70,000,000","$116,877,597","$207,154,748"
9,"Nov 10, 2017",Daddyâs Home 2,"$70,000,000","$104,029,443","$175,807,183"
10,"Nov 19, 1999",Sleepy Hollow,"$70,000,000","$101,068,340","$207,068,340"
11,"Dec 14, 2001",Vanilla Sky,"$70,000,000","$100,614,858","$202,726,605"
12,"Jun 13, 1997",Hercules,"$70,000,000","$99,112,101","$250,700,000"
13,"Mar 22, 2013",Olympus Has Fallen,"$70,000,000","$98,927,592","$172,878,928"
14,"Mar 11, 2011",Battle: Los Angeles,"$70,000,000","$83,552,429","$213,463,976"
15,"Aug 13, 2004",AVP: Alien Vs. Predator,"$70,000,000","$80,281,096","$172,543,519"
16,"Dec 25, 2011",War Horse,"$70,000,000","$79,883,359","$156,815,529"
17,"Mar 1, 2002",We Were Soldiers,"$70,000,000","$78,120,196","$114,658,262"
18,"Feb 7, 2014",The Monuments Men,"$70,000,000","$78,031,620","$158,702,748"
19,"Sep 23, 2016",Storks,"$70,000,000","$72,679,278","$183,353,431"
20,"Dec 11, 1998",Star Trek: Insurrection,"$70,000,000","$70,187,658","$117,800,000"
21,"Dec 10, 2003",Big Fish,"$70,000,000","$66,432,867","$123,954,323"
22,"Jun 17, 1994",Wolf,"$70,000,000","$65,011,757","$131,011,757"
23,"Jan 20, 2012",Underworld: Awakening,"$70,000,000","$62,321,039","$160,379,930"
24,"Sep 22, 2017",The Lego Ninjago Movie,"$70,000,000","$59,281,555","$122,737,201"
25,"Oct 10, 2014",Dracula Untold,"$70,000,000","$55,991,880","$220,241,723"
26,"Sep 29, 2006",The Guardian,"$70,000,000","$55,011,732","$94,973,540"
27,"Aug 9, 1989",The Abyss,"$70,000,000","$54,243,125","$54,243,125"
28,"Sep 24, 2010",Wall Street 2: Money Never Sleeps,"$70,000,000","$52,474,616","$137,431,619"
29,"Jan 14, 2011",The Dilemma,"$70,000,000","$48,475,290","$70,546,865"
30,"Dec 25, 2005",Rumor Has It,"$70,000,000","$42,996,140","$88,933,562"
31,"Nov 6, 1998",The Siege,"$70,000,000","$40,934,175","$116,625,798"
32,"Aug 10, 2007",Stardust,"$70,000,000","$38,634,938","$137,022,245"
33,"Jun 15, 2012",Rock of Ages,"$70,000,000","$38,518,613","$61,031,932"
34,"Oct 8, 1997",Seven Years in Tibet,"$70,000,000","$37,945,884","$131,445,884"
35,"Sep 17, 2004",Sky Captain and the World of Tomorrow,"$70,000,000","$37,760,080","$49,730,854"
36,"Sep 14, 2007",The Brave One,"$70,000,000","$36,793,804","$69,792,704"
37,"Nov 1, 2002",I Spy,"$70,000,000","$33,561,137","$60,279,822"
38,"Jun 7, 2002",Bad Company,"$70,000,000","$30,157,016","$69,157,016"
39,"Oct 21, 2005",Doom,"$70,000,000","$28,212,337","$58,757,178"
40,"Jan 29, 2016",The Finest Hours,"$70,000,000","$27,569,558","$49,252,761"
41,"Oct 18, 2013",Escape Plan,"$70,000,000","$25,135,965","$103,735,965"
42,"Sep 23, 2011",Killer Elite,"$70,000,000","$25,124,986","$65,409,046"
43,"Jan 16, 1998",Hard Rain,"$70,000,000","$19,870,567","$19,870,567"
44,"Feb 15, 2002",Hart's War,"$70,000,000","$19,076,815","$33,076,815"
45,"Feb 8, 2002",Rollerball,"$70,000,000","$18,990,542","$25,852,508"
46,"Jan 10, 2014",The Legend of Hercules,"$70,000,000","$18,848,538","$58,953,319"
47,"Apr 27, 2007",Next,"$70,000,000","$18,211,013","$73,591,500"
48,"Sep 20, 2002",Ballistic: Ecks vs. Sever,"$70,000,000","$14,294,842","$14,294,842"
49,"Aug 10, 2001",Osmosis Jones,"$70,000,000","$13,596,911","$13,596,911"
50,"May 9, 2014",Legends of Oz: Dorothyâs Return,"$70,000,000","$8,462,347","$20,107,933"
51,"Jan 16, 2015",Blackhat,"$70,000,000","$8,005,980","$19,665,004"
52,"Mar 31, 2006",Basic Instinct 2,"$70,000,000","$5,946,136","$35,417,162"
53,"May 28, 2010",Agora,"$70,000,000","$619,423","$38,992,292"
54,"Jul 9, 2010",Despicable Me,"$69,000,000","$251,513,985","$543,464,573"
55,"Jul 30, 2010",Dinner for Schmucks,"$69,000,000","$73,026,337","$86,796,502"
56,"Mar 2, 2018",Red Sparrow,"$69,000,000","$46,874,505","$145,951,861"
57,"Jun 30, 2010",The Twilight Saga: Eclipse,"$68,000,000","$300,531,751","$706,102,828"
58,"May 31, 2002",The Sum of All Fears,"$68,000,000","$118,471,320","$193,500,000"
59,"Jun 26, 2015",Ted 2,"$68,000,000","$81,476,385","$217,214,143"
60,"Jul 13, 2001",The Score,"$68,000,000","$71,069,884","$113,542,091"
61,"Feb 25, 2011",Hall Pass,"$68,000,000","$45,060,734","$87,173,475"
62,"Nov 22, 1995",Money Train,"$68,000,000","$35,324,232","$77,224,232"
63,"Mar 21, 2003",Dreamcatcher,"$68,000,000","$33,685,268","$75,685,268"
64,"Aug 6, 1999",Mystery Men,"$68,000,000","$29,762,011","$33,462,011"
65,"Nov 5, 1999",The Insider,"$68,000,000","$28,965,197","$60,265,197"
66,"Dec 22, 2017",Downsizing,"$68,000,000","$24,449,754","$54,462,971"
67,"Mar 2, 2012",Doctor Seuss' The Lorax,"$67,500,000","$214,030,500","$350,976,753"
68,"Oct 10, 2008",Body of Lies,"$67,500,000","$39,394,666","$118,556,530"
69,"Jun 22, 2012",Abraham Lincoln: Vampire Hunter,"$67,500,000","$37,519,139","$137,489,730"
70,"Sep 20, 1996",Last Man Standing,"$67,000,000","$18,115,927","$18,115,927"
71,"Aug 17, 2007",The Last Legion,"$67,000,000","$5,932,060","$25,357,771"
72,"Apr 30, 1999",Entrapment,"$66,000,000","$87,707,396","$211,700,000"
73,"Jun 19, 1998",The X Files: Fight the Future,"$66,000,000","$83,898,313","$189,176,423"
74,"Mar 14, 2014",Need for Speed,"$66,000,000","$43,568,507","$194,169,619"
75,"Jul 24, 1998",Saving Private Ryan,"$65,000,000","$216,335,085","$485,035,085"
76,"Dec 15, 2000",What Women Want,"$65,000,000","$182,805,123","$374,105,123"
77,"Nov 9, 2012",Lincoln,"$65,000,000","$182,207,973","$273,346,281"
78,"Mar 15, 2002",Ice Age,"$65,000,000","$176,387,405","$386,116,343"
79,"Jun 30, 1995",Apollo 13,"$65,000,000","$173,772,767","$335,802,271"
80,"Mar 31, 1999",The Matrix,"$65,000,000","$171,479,930","$463,517,383"
81,"Jul 13, 2018",Hotel Transylvania 3: Summer Vacation,"$65,000,000","$167,500,092","$527,080,347"
82,"Dec 25, 2012",Les Miserables,"$65,000,000","$148,809,770","$442,169,052"
83,"Nov 1, 2002",The Santa Clause 2,"$65,000,000","$139,225,854","$172,825,854"
84,"Jun 1, 1990",Total Recall,"$65,000,000","$119,394,839","$261,400,000"
85,"Dec 18, 1998",You've Got Mail,"$65,000,000","$115,821,495","$250,800,000"
86,"Dec 25, 2014",Unbroken,"$65,000,000","$115,637,895","$163,527,824"
87,"Jun 5, 2015",Spy!,"$65,000,000","$110,825,712","$232,585,748"
88,"Nov 5, 2010",Due Date,"$65,000,000","$100,539,043","$211,739,043"
89,"Jul 25, 2008",Step Brothers,"$65,000,000","$100,468,793","$128,468,793"
90,"Dec 15, 1995",Jumanji,"$65,000,000","$100,458,310","$262,758,310"
91,"Jul 17, 1998",The Mask of Zorro,"$65,000,000","$93,828,745","$233,700,000"
92,"Aug 4, 2000",Space Cowboys,"$65,000,000","$90,454,043","$128,874,043"
93,"Dec 19, 2014",Annie,"$65,000,000","$85,911,262","$139,829,625"
94,"May 28, 1993",Cliffhanger,"$65,000,000","$84,049,211","$255,000,000"
95,"Aug 12, 2016",Peteâs Dragon,"$65,000,000","$76,233,151","$137,768,975"
96,"Feb 9, 1996",Broken Arrow,"$65,000,000","$70,645,997","$148,345,997"
97,"Aug 9, 2006",World Trade Center,"$65,000,000","$70,278,893","$163,295,654"
98,"Jul 7, 2000",The Kid,"$65,000,000","$69,688,384","$69,688,384"
99,"Dec 19, 2003",Mona Lisa Smile,"$65,000,000","$63,803,100","$141,205,169"
100,"May 16, 2012",The Dictator,"$65,000,000","$59,650,222","$180,148,897"
1,"Jul 16, 1999",Eyes Wide Shut,"$65,000,000","$55,691,208","$104,267,443"
2,"Feb 17, 2012",This Means War,"$65,000,000","$54,760,791","$156,974,557"
3,"Feb 27, 2015",Focus,"$65,000,000","$53,862,963","$168,065,700"
4,"Dec 8, 2004",Blade: Trinity,"$65,000,000","$52,397,389","$131,353,165"
5,"Nov 21, 2012",Red Dawn,"$65,000,000","$44,806,783","$48,164,150"
6,"Dec 22, 2006",We Are Marshall,"$65,000,000","$43,545,364","$43,545,364"
7,"Sep 18, 2015",Everest,"$65,000,000","$43,482,270","$221,297,061"
8,"Sep 14, 2012",Resident Evil: Retribution,"$65,000,000","$42,345,531","$240,647,629"
9,"Mar 20, 1998",Primary Colors,"$65,000,000","$39,017,984","$39,017,984"
10,"Oct 15, 1999",Fight Club,"$65,000,000","$37,030,102","$100,851,705"
11,"Aug 22, 2008",Death Race,"$65,000,000","$36,316,032","$72,516,819"
12,"Oct 11, 1996",The Long Kiss Goodnight,"$65,000,000","$33,447,612","$33,447,612"
13,"Dec 8, 2000",Proof of Life,"$65,000,000","$32,598,931","$62,761,005"
14,"Nov 11, 2005",Zathura,"$65,000,000","$28,045,540","$58,545,540"
15,"Nov 26, 2003",The Missing,"$65,000,000","$26,900,336","$38,253,433"
16,"Jan 14, 2005",Elektra,"$65,000,000","$24,409,722","$56,824,633"
17,"Oct 23, 2009",Astro Boy,"$65,000,000","$19,551,067","$41,636,243"
18,"Jan 24, 2014","I, Frankenstein","$65,000,000","$19,075,290","$74,575,290"
19,"May 24, 1991",Hudson Hawk,"$65,000,000","$17,218,916","$17,218,916"
20,"Aug 22, 2014",Sin City: A Dame to Kill For,"$65,000,000","$13,757,804","$40,650,842"
21,"Dec 25, 2016",Live by Night,"$65,000,000","$10,378,555","$21,774,432"
22,"Oct 27, 2000",Lucky Numbers,"$65,000,000","$10,014,234","$10,014,234"
23,"Sep 23, 2005",Oliver Twist,"$65,000,000","$2,070,920","$26,670,920"
24,"Sep 4, 2015",Tian jiang xiong shi,"$65,000,000","$74,070","$122,519,874"
25,"Oct 26, 2018",Air Strike,"$65,000,000",$0,"$516,279"
26,"Jul 14, 2006",Little Man,"$64,000,000","$58,636,047","$101,636,047"
27,"Oct 8, 1999",Random Hearts,"$64,000,000","$31,054,924","$63,200,000"
28,"Dec 27, 2006",Perfume: The Story of a Murderer,"$63,700,000","$2,223,293","$133,603,463"
29,"Jun 11, 1993",Jurassic Park,"$63,000,000","$395,708,305","$1,038,812,584"
30,"Jul 25, 2002",Austin Powers in Goldmember,"$63,000,000","$213,117,789","$296,338,663"
31,"Apr 1, 2011",Hop,"$63,000,000","$108,085,305","$188,657,593"
32,"Sep 15, 2017",American Assassin,"$63,000,000","$36,249,674","$68,310,140"
33,"Jun 24, 1994",Wyatt Earp,"$63,000,000","$25,052,000","$25,052,000"
34,"Aug 3, 1994",Clear and Present Danger,"$62,000,000","$122,012,656","$207,500,000"
35,"Apr 21, 2000",U-571,"$62,000,000","$77,086,030","$127,630,030"
36,"Nov 17, 1995",The American President,"$62,000,000","$60,022,813","$107,822,813"
37,"Dec 25, 2015",The Hateful Eight,"$62,000,000","$54,117,416","$147,864,886"
38,"Jun 20, 2008",The Love Guru,"$62,000,000","$32,235,793","$40,159,017"
39,"Feb 23, 2001",3000 Miles to Graceland,"$62,000,000","$15,738,632","$18,708,848"
40,"Oct 3, 2014",Gone Girl,"$61,000,000","$167,767,189","$368,567,189"
41,"Mar 30, 2007",Blades of Glory,"$61,000,000","$118,594,548","$145,594,548"
42,"Sep 18, 2015",Maze Runner: The Scorch Trials,"$61,000,000","$81,697,192","$310,566,162"
43,"Aug 2, 2013",2 Guns,"$61,000,000","$75,612,460","$132,493,015"
44,"Jan 26, 2018",Maze Runner: The Death Cure,"$61,000,000","$58,032,443","$265,878,536"
45,"Jan 11, 2019",A Dogâs Way Home,"$61,000,000","$41,952,715","$81,153,454"
46,"Feb 19, 2016",Mei Ren Yu,"$60,720,000","$3,229,457","$554,516,671"
47,"Dec 22, 2004",Meet the Fockers,"$60,000,000","$279,167,575","$516,567,575"
48,"Feb 7, 2014",The Lego Movie,"$60,000,000","$257,784,718","$457,729,388"
49,"Mar 9, 2007",300,"$60,000,000","$210,614,939","$454,161,935"
50,"Mar 2, 2007",Wild Hogs,"$60,000,000","$168,213,584","$253,555,383"
51,"Dec 25, 2008",Marley & Me,"$60,000,000","$143,153,751","$247,812,011"
52,"Dec 10, 1999",The Green Mile,"$60,000,000","$136,801,374","$290,701,374"
53,"Jun 5, 1998",The Truman Show,"$60,000,000","$125,618,201","$264,118,201"
54,"Sep 9, 2016",Sully,"$60,000,000","$125,070,033","$238,524,556"
55,"Jun 14, 2002",The Bourne Identity,"$60,000,000","$121,468,960","$214,357,371"
56,"Oct 9, 2009",Couples Retreat,"$60,000,000","$109,205,660","$172,450,423"
57,"Nov 17, 1995",Goldeneye,"$60,000,000","$106,429,941","$356,429,941"
58,"May 30, 2003",The Italian Job,"$60,000,000","$106,126,012","$176,262,839"
59,"May 9, 2003",Daddy Day Care,"$60,000,000","$104,148,781","$164,285,587"
60,"Jun 18, 1999",The General's Daughter,"$60,000,000","$102,705,852","$149,705,852"
61,"Dec 18, 1998",The Prince of Egypt,"$60,000,000","$101,413,188","$218,613,188"
62,"Aug 6, 2004",Collateral,"$60,000,000","$100,170,152","$217,670,152"
63,"Jul 4, 2001",Cats & Dogs,"$60,000,000","$93,375,151","$200,700,000"
64,"Dec 20, 2002",Two Weeks Notice,"$60,000,000","$93,354,918","$199,043,309"
65,"Oct 2, 1998",Antz,"$60,000,000","$90,757,863","$152,457,863"
66,"Apr 19, 2002",The Scorpion King,"$60,000,000","$90,580,000","$165,890,634"
67,"Oct 15, 2010",Red,"$60,000,000","$90,380,162","$196,439,693"
68,"Mar 5, 2004",Starsky & Hutch,"$60,000,000","$88,200,225","$170,200,225"
69,"Jun 27, 1990",Days of Thunder,"$60,000,000","$82,670,733","$157,670,733"
70,"Dec 21, 2005",Cheaper by the Dozen 2,"$60,000,000","$82,571,173","$135,015,330"
71,"Aug 13, 2010",Eat Pray Love,"$60,000,000","$80,574,010","$206,598,789"
72,"Dec 21, 2012",Jack Reacher,"$60,000,000","$80,070,736","$217,370,736"
73,"Apr 23, 2004",Man on Fire,"$60,000,000","$77,906,816","$130,968,579"
74,"Dec 22, 2000",The Family Man,"$60,000,000","$75,764,085","$124,715,863"
75,"Sep 9, 2011",Contagion,"$60,000,000","$75,658,097","$137,551,594"
76,"Dec 22, 1999",Any Given Sunday,"$60,000,000","$75,530,832","$100,230,832"
77,"May 15, 1998",The Horse Whisperer,"$60,000,000","$75,383,563","$186,883,563"
78,"Feb 6, 2009",Coraline,"$60,000,000","$75,286,229","$126,037,057"
79,"Oct 1, 2004",Ladder 49,"$60,000,000","$74,541,707","$102,332,848"
80,"Jul 28, 1999",Deep Blue Sea,"$60,000,000","$73,648,228","$165,048,228"
81,"Oct 28, 2009",Michael Jackson's This Is It,"$60,000,000","$72,091,016","$252,091,016"
82,"Jan 17, 2003",Kangaroo Jack,"$60,000,000","$66,723,216","$90,723,216"
83,"Jun 13, 2008",The Happening,"$60,000,000","$64,506,874","$162,778,384"
84,"Mar 4, 2016",London Has Fallen,"$60,000,000","$62,524,260","$195,194,085"
85,"Apr 7, 2000",Rules of Engagement,"$60,000,000","$61,322,858","$71,719,931"
86,"Mar 10, 2006",The Shaggy Dog,"$60,000,000","$61,123,569","$87,123,569"
87,"Nov 22, 1996",Jingle All the Way,"$60,000,000","$60,592,389","$129,832,389"
88,"Apr 2, 2004",Hellboy,"$60,000,000","$59,623,958","$99,823,958"
89,"Oct 21, 2016",Jack Reacher: Never Go Back,"$60,000,000","$58,697,076","$159,946,489"
90,"May 25, 2017",Baywatch,"$60,000,000","$58,060,186","$175,863,783"
91,"Dec 25, 1998",A Civil Action,"$60,000,000","$56,709,981","$56,709,981"
92,"Dec 25, 2015",Joy,"$60,000,000","$56,451,232","$101,134,059"
93,"Aug 17, 2012",ParaNorman,"$60,000,000","$56,003,051","$108,119,662"
94,"Nov 14, 1997",The Jackal,"$60,000,000","$54,956,941","$159,356,941"
95,"Dec 25, 2003",Paycheck,"$60,000,000","$53,789,313","$98,819,789"
96,"Mar 1, 1996",Up Close & Personal,"$60,000,000","$51,045,801","$100,645,801"
97,"Dec 19, 2008",The Tale of Despereaux,"$60,000,000","$50,877,145","$90,482,317"
98,"Sep 26, 2014",The Boxtrolls,"$60,000,000","$50,837,305","$111,946,251"
99,"Aug 4, 2017",The Dark Tower,"$60,000,000","$50,701,325","$113,461,527"
100,"Sep 27, 2002",The Tuxedo,"$60,000,000","$50,586,000","$104,429,625"
1,"Jan 17, 2014",Jack Ryan: Shadow Recruit,"$60,000,000","$50,577,412","$131,377,412"
2,"Jul 14, 1995",Under Siege 2: Dark Territory,"$60,000,000","$50,024,083","$104,324,083"
3,"Mar 24, 2005",Miss Congeniality 2: Armed and Fabulous,"$60,000,000","$48,478,006","$101,382,396"
4,"Dec 25, 2018",Vice,"$60,000,000","$47,836,282","$70,883,171"
5,"Nov 26, 1997",Alien: Resurrection,"$60,000,000","$47,795,018","$160,700,000"
6,"Mar 23, 2007",Shooter,"$60,000,000","$47,003,582","$95,538,560"
7,"Oct 16, 1998",Practical Magic,"$60,000,000","$46,850,558","$68,336,997"
8,"Jan 11, 2013",Gangster Squad,"$60,000,000","$46,000,903","$104,100,903"
9,"Apr 7, 2017",Smurfs: The Lost Village,"$60,000,000","$45,020,282","$197,578,586"
10,"Oct 12, 2018",First Man,"$60,000,000","$44,936,545","$105,212,037"
11,"Jun 19, 2009",Year One,"$60,000,000","$43,337,279","$57,604,723"
12,"Jan 29, 2010",Edge of Darkness,"$60,000,000","$43,313,890","$82,812,456"
13,"Dec 13, 2002",Star Trek: Nemesis,"$60,000,000","$43,254,409","$67,312,826"
14,"Feb 19, 2002",Reign of Fire,"$60,000,000","$43,061,982","$82,150,183"
15,"Nov 20, 2009",Planet 51,"$60,000,000","$42,194,060","$108,996,113"
16,"Mar 20, 2009",Duplicity,"$60,000,000","$40,572,825","$81,079,566"
17,"Sep 12, 2008",Righteous Kill,"$60,000,000","$40,081,410","$78,481,410"
18,"Dec 11, 2009",Invictus,"$60,000,000","$37,491,364","$124,514,011"
19,"Apr 17, 2009",State of Play,"$60,000,000","$37,017,955","$88,832,210"
20,"Feb 12, 1999",My Favorite Martian,"$60,000,000","$36,850,101","$36,850,101"
21,"Apr 21, 2006",The Sentinel,"$60,000,000","$36,280,697","$78,080,697"
22,"Sep 21, 2012",Trouble with the Curve,"$60,000,000","$35,763,137","$47,818,913"
23,"Oct 10, 2003",Intolerable Cruelty,"$60,000,000","$35,327,628","$121,327,628"
24,"Jan 10, 1997",The Relic,"$60,000,000","$33,956,608","$33,956,608"
25,"Apr 3, 1998",Mercury Rising,"$60,000,000","$32,983,332","$32,983,332"
26,"Sep 15, 2000",Almost Famous,"$60,000,000","$32,522,352","$47,371,191"
27,"Feb 8, 2019",Cold Pursuit,"$60,000,000","$32,138,862","$62,599,159"
28,"Dec 6, 2002",Analyze That,"$60,000,000","$32,122,249","$54,994,757"
29,"Apr 24, 2009",The Soloist,"$60,000,000","$31,853,584","$38,522,450"
30,"Aug 21, 2013",The Mortal Instruments: City of Bones,"$60,000,000","$31,165,421","$75,965,567"
31,"Nov 3, 2000",The Legend of Bagger Vance,"$60,000,000","$30,695,227","$39,235,486"
32,"Feb 22, 2002",Dragonfly,"$60,000,000","$30,063,805","$30,063,805"
33,"May 13, 2011",Priest,"$60,000,000","$29,136,626","$84,154,026"
34,"Jun 16, 2006",Garfield: A Tail of Two Kitties,"$60,000,000","$28,426,747","$147,985,373"
35,"Apr 29, 2005",XXX: State of the Union,"$60,000,000","$26,873,932","$71,073,932"
36,"Aug 15, 1997",Event Horizon,"$60,000,000","$26,673,242","$26,673,242"
37,"Jul 2, 2003",Sinbad: Legend of the Seven Seas,"$60,000,000","$26,483,452","$80,767,884"
38,"Jul 8, 2005",Dark Water,"$60,000,000","$25,473,093","$49,473,093"
39,"Aug 14, 1998",The Avengers,"$60,000,000","$23,385,416","$48,585,416"
40,"Sep 15, 2006",The Black Dahlia,"$60,000,000","$22,672,813","$49,238,525"
41,"Mar 26, 1999",EDtv,"$60,000,000","$22,508,689","$35,319,689"
42,"Dec 25, 2008",The Spirit,"$60,000,000","$19,806,188","$39,006,188"
43,"Oct 19, 2001",The Last Castle,"$60,000,000","$18,208,078","$20,541,668"
44,"Jan 23, 2009",Inkheart,"$60,000,000","$17,303,424","$66,655,938"
45,"Jan 14, 2000",Supernova,"$60,000,000","$14,218,868","$14,816,494"
46,"Sep 22, 2006",Flyboys,"$60,000,000","$13,090,630","$14,816,379"
47,"Feb 14, 2014",Winterâs Tale,"$60,000,000","$12,600,231","$29,575,033"
48,"Oct 9, 1998",Holy Man,"$60,000,000","$12,069,719","$12,069,719"
49,"Jul 11, 2008",Meet Dave,"$60,000,000","$11,803,254","$50,648,806"
50,"Aug 12, 2005",The Great Raid,"$60,000,000","$10,166,502","$10,597,070"
51,"Feb 24, 2017",Rock Dog,"$60,000,000","$9,420,546","$24,148,488"
52,"Jan 23, 2015",Mortdecai,"$60,000,000","$7,696,134","$30,396,134"
53,"Jan 11, 2008",In the Name of the King: A Dungeon Siege Tale,"$60,000,000","$4,775,656","$13,233,220"
54,"Oct 24, 2003",Beyond Borders,"$60,000,000","$4,426,297","$11,427,090"
55,"Feb 5, 2016",Xi You Ji zhi Sun Wu Kong San Da Bai Gu Jing,"$60,000,000","$709,982","$194,058,503"
56,"Dec 11, 2015",The Ridiculous 6,"$60,000,000",$0,$0
57,"Nov 8, 2019",Midway,"$59,500,000",$0,$0
58,"Mar 23, 2018",Sherlock Gnomes,"$59,000,000","$43,242,871","$87,527,651"
59,"Jan 25, 2019",The Kid Who Would Be King,"$59,000,000","$16,790,790","$28,296,983"
60,"Feb 12, 2016",Deadpool,"$58,000,000","$363,070,709","$801,025,593"
61,"Dec 25, 2014",American Sniper,"$58,000,000","$350,126,372","$547,326,372"
62,"Oct 16, 2015",Goosebumps,"$58,000,000","$80,069,458","$158,905,324"
63,"May 25, 1988",Rambo III,"$58,000,000","$53,715,611","$188,715,611"
64,"Dec 15, 1995",Sabrina,"$58,000,000","$53,458,319","$87,100,000"
65,"Jan 20, 2012",Red Tails,"$58,000,000","$49,876,377","$50,365,498"
66,"Sep 16, 2005",Just Like Heaven,"$58,000,000","$48,318,130","$100,687,083"
67,"Jun 7, 2013",The Internship,"$58,000,000","$44,672,764","$93,672,764"
68,"Apr 28, 2000",The Flintstones in Viva Rock Vegas,"$58,000,000","$35,231,365","$59,431,365"
69,"Apr 4, 2008",Leatherheads,"$58,000,000","$31,373,938","$41,348,628"
70,"Mar 24, 2017",Life,"$58,000,000","$30,234,022","$100,929,666"
71,"Dec 18, 2009",Did You Hear About the Morgans?,"$58,000,000","$29,580,087","$80,480,566"
72,"Dec 12, 2008","Che, Part 1: The Argentine","$58,000,000","$1,802,521","$31,627,370"
73,"May 30, 2008",Sex and the City,"$57,500,000","$152,647,258","$415,247,258"
74,"Sep 10, 2010",Resident Evil: Afterlife,"$57,500,000","$60,128,566","$295,874,190"
75,"Jun 15, 2012",That's My Boy,"$57,500,000","$36,931,089","$58,085,235"
76,"Oct 17, 1997",Devil's Advocate,"$57,000,000","$61,007,424","$153,007,424"
77,"Feb 17, 2012",Ghost Rider: Spirit of Vengeance,"$57,000,000","$51,774,002","$149,217,355"
78,"May 31, 1996",Dragonheart,"$57,000,000","$51,364,680","$104,364,680"
79,"Nov 12, 2004",After the Sunset,"$57,000,000","$28,328,132","$38,329,114"
80,"Aug 17, 2001",Captain Corelli's Mandolin,"$57,000,000","$25,528,495","$62,097,495"
81,"Dec 25, 2014",Into the Woods,"$56,200,000","$128,002,372","$213,116,401"
82,"Apr 11, 2003",Anger Management,"$56,000,000","$135,560,942","$195,660,942"
83,"Mar 4, 2005",The Pacifier,"$56,000,000","$113,006,880","$198,006,880"
84,"Apr 2, 2004",Walking Tall,"$56,000,000","$46,213,824","$47,313,824"
85,"Jan 22, 2016",Zhuo yao ji,"$56,000,000","$32,766","$359,495,591"
86,"Jul 6, 1994",Forrest Gump,"$55,000,000","$330,151,138","$679,850,637"
87,"Dec 14, 2007",Alvin and the Chipmunks,"$55,000,000","$217,326,974","$362,605,033"
88,"Nov 2, 2018",Bohemian Rhapsody,"$55,000,000","$216,303,339","$893,777,131"
89,"Feb 11, 2005",Hitch,"$55,000,000","$177,784,257","$366,784,257"
90,"Oct 6, 2000",Meet the Parents,"$55,000,000","$166,225,040","$330,425,040"
91,"Dec 15, 2006",The Pursuit of Happyness,"$55,000,000","$162,586,036","$307,311,093"
92,"Jun 10, 1995",Pocahontas,"$55,000,000","$141,579,773","$347,100,000"
93,"Dec 15, 1978",Superman,"$55,000,000","$134,218,018","$300,200,000"
94,"Jun 28, 1996",The Nutty Professor,"$55,000,000","$128,814,019","$273,814,019"
95,"Feb 10, 2017",Fifty Shades Darker,"$55,000,000","$114,434,010","$381,398,492"
96,"Oct 11, 2013",Captain Phillips,"$55,000,000","$107,136,417","$220,648,184"
97,"Jul 16, 1997",George Of The Jungle,"$55,000,000","$105,263,257","$174,463,257"
98,"Aug 1, 2003",American Wedding,"$55,000,000","$104,354,205","$126,425,115"
99,"Nov 10, 2017",Murder on the Orient Express,"$55,000,000","$102,826,543","$345,922,730"
100,"Sep 26, 2014",The Equalizer,"$55,000,000","$101,530,738","$192,903,624"
